Community,Protein
7,E
7,BRD4
7,BRD2
7,ZC3H18
7,SLC44A2
7,YIF1A
7,ATP1B1
7,GGCX
7,ATP6V1A
7,REEP5
7,ANO6
7,SAAL1
7,REEP6
7,TUBGCP2
7,RTN4
7,FAM8A1
7,CSNK2B
7,ZDHHC5
7,nsp4
7,TIMM10
7,ALG11
7,C19orf52
7,TIMM10B
7,TIMM9
7,nsp6
7,ATP5L
7,SIGMAR1
7,ATP13A3
7,RAB7A
7,HMOX1
7,TRIM59
7,ARL6IP6
7,CLCC1
7,ALG5
7,ORF3b
7,ORF7a
7,HEATR3
7,TOR1A
7,ITGB1
7,MFGE8
7,EMC1
7,SMOC1
7,ADAM9
7,FKBP10
7,ORF9c
7,UBXN8
7,WFS1
7,F2RL1
7,SCAP
7,DPY19L1
7,TMEM97
7,SLC30A6
7,TAPT1
7,ERMP1
7,NLRX1
7,FAM134C
7,PIGO
7,FAR2
7,ECSIT
7,ALG8
7,TMEM39B
7,NDFIP2
7,BCS1L
7,NDUFAF1
7,TMED5
7,PIGS
7,FURIN
7,nsp3
7,UBC
7,MDH1
7,RPL39
7,TAF4
7,CAAP1
7,PCCA
7,ATP7B
7,ERGIC2
7,SLC37A4
7,CAV1
7,L2HGDH
7,RUFY2
7,ATG9A
7,SLC16A4
7,ATL2
7,C2CD2
7,POMT1
7,C1orf27
7,PSEN2
7,DRAM2
7,METTL7B
7,PIGT
7,CAV2
7,EXTL2
7,SLC22A5
7,IPO13
7,SARM1
7,ARFGEF2
7,ENDOD1
7,DERL3
7,SLC18B1
7,STARD3NL
7,TYW1
7,NCAPD3
7,ARFGEF1
7,NUBP2
7,TNFAIP2
7,LMBRD2
7,INTS12
7,SGCB
7,YIF1B
7,IL31RA
7,FBXO46
7,ARSE
7,TMEM2
7,GPR89A
7,ABCB8
7,LRP12
7,CYB5A
7,EVA1C
7,EMC10
7,HMGCR
7,PTDSS2
7,TTYH3
7,UPK3B
7,ATP5E
7,CERS2
7,PEX2
7,SLC6A15
7,ATP6
7,YIPF4
7,HLA-DMB
7,LPCAT3
7,SCAMP4
7,RMND1
7,PTPLB
7,MFSD3
7,EMC4
7,EBP
7,VMP1
7,COG1
7,APOB
7,DOLK
7,SLC7A6
7,SLC19A2
7,ATP5F1
7,EMC3
7,CANT1
7,MSMO1
7,ND4
7,VKORC1L1
7,COG7
7,TLCD1
7,ATP5D
7,TMEM237
7,TGOLN2
7,GPR125
7,NRG1
7,MPZL1
7,RNF19A
7,ATP2B4
7,ACVR1B
7,DTNB
7,TMEM27
7,BMPR2
7,HMOX2
7,SEMA4C
7,EPHB2
7,MYOF
7,UBQLN1
7,FAM49B
7,ADIPOR1
7,VAMP3
7,TNFRSF10B
7,SPINT2
7,NEO1
7,PCDH9
7,MGRN1
7,EPHA2
7,TLDC1
7,STAM2
7,CRIM1
7,LRP10
7,ITM2C
7,ATP11C
7,PCDHAC2
7,NETO2
7,CD97
7,MTPN
7,TBL2
7,IFNGR1
7,CCDC115
7,SGCE
7,STEAP3
7,MOSPD2
7,TNFRSF21
7,LRRC8D
7,RAB34
7,ADAM17
7,SNAP25
7,TGFBR1
7,RELL1
7,AXL
7,SLC12A4
7,LRP8
7,BCAM
7,CD99
7,AMIGO2
7,RNF149
7,ACVR1
7,STX10
7,STX4
7,RAB5B
7,VPS45
7,PCDHA12
7,ITM2B
7,CLCN7
7,DCBLD2
7,SNX17
7,SLC23A2
7,SLC12A6
7,PTPRJ
7,ITFG3
7,BAMBI
7,SLC26A2
7,TRAPPC5
7,PCDHA4
7,MYRF
7,SLC20A1
7,CLDN12
7,PVRL3
7,LRFN1
7,OSMR
7,LRRC8A
7,SLC12A7
7,ADCY9
7,VAMP7
7,RAB31
7,C5orf15
7,NOTCH3
7,LSR
7,SEMA4B
7,CPD
7,KYNU
7,HLA-E
7,EEF1A2
7,VAMP2
7,STXBP3
7,RHOB
7,STX6
7,LRBA
7,NDRG1
7,MRC2
7,CD44
7,NRP2
7,ATM
7,NCAPG2
7,THADA
7,AGMAT
7,FASTKD1
7,PDS5A
7,INTS5
7,ATP13A1
7,NUBPL
7,INTS8
7,DOCK5
7,TMEM168
7,TUT1
7,TBC1D8
7,SCAI
7,FAM20B
7,STK11IP
7,ORF7b
7,KLHDC2
7,SPNS1
7,TMEM254
7,VAMP4
7,PGAP2
7,STX2
7,TVP23C
7,TM9SF1
7,CYBRD1
7,ABCB10
7,DPY19L3
7,BCAP31
7,CTNNA2
7,METTL16
7,BSCL2
7,ERBB2
7,LMAN1
7,GPR56
7,ENTPD4
7,SLC38A2
7,GALNT12
7,AGPAT3
7,SCAMP1
7,SAMD8
7,TMEM106C
7,BNIP3L
7,LAPTM4A
7,GPX8
7,CYP4F8
7,TUSC3
7,VTI1A
7,CASC4
7,C2orf43
7,NDC1
7,LPAR1
7,DHRS7
7,VEZT
7,UNC93B1
7,QSOX1
7,CYP2S1
7,MGST1
7,TMEM135
7,TMEM70
7,NDUFB11
7,ORAI1
7,HIGD2A
7,GPR126
7,ZDHHC18
7,DEGS1
7,S1PR3
7,SCAMP2
7,TMEM87A
7,ELOVL6
7,PNKD
7,MAN1B1
7,ACP2
7,C1QL1
7,ELOVL5
7,UBE2G2
7,TSPAN14
7,OPA3
7,TMED4
7,ZDHHC21
7,ZDHHC6
7,FKRP
7,APOOL
7,SLC2A6
7,CELSR2
7,NIPA1
7,MTFP1
7,POMGNT1
7,CTDNEP1
7,PTGES
7,CYP1B1
7,CD70
7,FAM20C
7,C15orf61
7,TMEM164
7,MFSD5
7,MFSD10
7,ITPRIPL2
7,SLC30A5
7,TMEM68
7,SLC35A2
7,CACNG6
7,TNFSF15
7,SGPP1
7,CHST14
7,RHBDD2
7,MFSD8
7,ZFPL1
7,SLC35F5
7,CLDN1
7,LMAN2L
7,SYNGR3
7,SLC47A2
7,CD81
7,TMPPE
7,TAMM41
7,TMEM177
7,PEX10
7,ARFIP1
7,SCFD1
7,SLC35A1
7,C1orf159
7,B3GALT6
7,OSTC
7,TRPM4
7,DAGLB
7,FUT8
7,GPR39
7,SEC61G
7,LETMD1
7,EFNB1
7,TMEM258
7,TCIRG1
7,ABHD5
7,SMIM1
7,ZDHHC13
7,TIMM17A
7,TMEM223
7,MUL1
7,FAM134A
7,C10orf54
7,XXYLT1
7,SLC15A4
7,WDR83OS
7,EXOG
7,AGPAT6
7,SCARA5
7,ELOVL7
7,TMEM214
7,EXTL3
7,KDELR1
7,TIMM17B
7,GJA1
7,BET1
7,TMEM221
7,LPCAT4
7,SYPL1
7,STRA6
7,PTRH2
7,AREG
7,SPTLC2
7,ALG14
7,TMED9
7,B3GAT3
7,TMEM256
7,GOSR2
7,FITM2
7,PAQR5
7,ALG13
7,STX16
7,SLC25A52
7,LGR4
7,DPY19L2
7,PDIA3
7,NRP1
7,RPS2
7,RPS3
7,NR2F2
7,RNF5
7,TMEM43
7,VKORC1
7,MMGT1
7,TIMM21
7,ZNF581
7,HERPUD1
7,GET4
7,CDH1
7,HMGB1
7,UPK3BL
7,ARPC1B
7,PREB
7,TRIM13
7,CLGN
7,YKT6
7,FAM189B
7,ADCY3
7,ABHD2
7,DNAJB4
7,SEC63
7,OSBPL8
7,PDZD8
7,ABCC2
7,ADH5
7,ANKRD46
7,TMEM201
7,ABCA1
7,EPHX1
7,FAT1
7,FNDC3A
7,ATF6
7,USP33
7,PDXDC1
7,ANKLE2
7,KIAA0922
7,DNAJC16
7,SUN1
7,TMEM131
7,TMEM9
7,YIPF3
7,C1orf43
7,ABHD12
7,NPTN
7,TMED8
7,FAM177A1
7,ORMDL2
7,HADHA
7,ITGB5
7,ARF1
7,KCNN4
7,SNX19
7,LRP6
7,LRP5
7,MCM5
7,TYW1B
7,CISD2
7,ATL1
7,SAR1B
7,BET1L
7,BFAR
7,UBE2J1
7,PKD2
7,STX18
7,TRPM7
7,TOR4A
7,RETSAT
7,PARP16
7,AUP1
7,LRRC59
7,SMPD4
7,TEX2
7,ALG1
7,PCDHB3
7,EMC7
7,PSMB5
7,GRAMD1B
7,ESYT2
7,STIM2
7,GRAMD1A
7,PTPN2
7,RAB27B
7,DNAJC1
7,ACBD3
7,SLC12A2
7,SLC16A1
7,BNIP1
7,SREBF2
7,VRK2
7,KIAA0319L
7,REEP4
7,KIAA1715
7,CAMLG
7,UBL4A
7,FZD6
7,SLC41A2
7,ANTXR1
7,ATRN
7,USP32
7,AGPAT9
7,TMEM209
7,ITPRIP
7,ABCC3
7,SGPL1
7,STBD1
7,PKMYT1
7,ACBD5
7,VAPB
7,MICAL2
7,LPGAT1
7,OCLN
7,ATP9A
7,CTDSP2
7,EMG1
7,SLC25A17
7,USP19
7,STARD3
7,RCC1
7,TMEM115
7,L3HYPDH
7,OSBPL9
7,OSBPL11
7,COPA
7,CPT1A
7,NFXL1
7,CXADR
7,RDH10
7,DAG1
7,CNST
7,JAG1
7,SERPINB1
7,SLC29A1
7,CLN8
7,WDR7
7,SLC44A1
7,ICMT
7,KDSR
7,GABRA5
7,GAPDH
7,APPL1
7,NBEA
7,ATP2C1
7,DIEXF
7,PIGW
7,SLC26A11
7,CPSF1
7,HMGCS1
7,APBB2
7,HSPA2
7,ARF5
7,LNPEP
7,TMEM41B
7,ASPH
7,MSRA
7,CYTB
7,NUCB1
7,OSBP
7,DERL2
7,GOLT1B
7,GULP1
7,PLA2G4A
7,TPCN1
7,ATP6V0A1
7,ATP7A
7,TMEM106B
7,SLC35F2
7,PIGG
7,TMEM161A
7,LPCAT2
7,PAK1IP1
7,TMEM38B
7,CPPED1
7,WDR12
7,PRKCA
7,PRKCI
7,TMEM165
7,PRKCQ
7,GPRC5C
7,BCAP29
7,PSMB3
7,NCLN
7,PSMB6
7,DOLPP1
7,FAM135A
7,USP36
7,ABCD4
7,ACTA1
7,C12orf10
7,RP2
7,RPL32
7,RPS4X
7,SC5D
7,SGTA
7,ELOVL1
7,NBEAL1
7,SLC2A3
7,SLC5A3
7,SLC7A1
7,SLC19A1
7,SLC22A3
7,SMPD2
7,TAP2
7,TSPO
7,UGDH
7,TMC7
7,SLC35G2
7,CLPTM1L
7,SLC7A5
7,SLC38A1
7,CDCA3
7,HSDL1
7,SLC25A11
7,ANKRD27
7,SYVN1
7,JAGN1
7,SLC9A7
7,AIFM2
7,TMEM87B
7,ABHD13
7,NUDCD1
7,EPT1
7,PPAP2C
7,CDS2
7,SLC5A6
7,CPNE3
7,AP1M1
7,GPRC5A
7,LMF2
7,XPR1
7,SFXN1
7,PSMF1
7,SLC4A7
7,EI24
7,GTPBP1
7,RNF14
7,FAM115A
7,CD151
7,SPCS2
7,PTDSS1
7,POM121
7,ZCCHC6
7,AKR1C1
7,ZNF292
7,AHDC1
7,CHD6
7,HIST1H1B
7,POM121C
7,ZMYM6NB
7,ALG3
7,RTN3
7,CHML
7,NUS1
7,ZFYVE27
7,LYSMD4
7,ABCA3
7,TMCC1
7,APOL2
7,GALNT2
7,SGMS1
7,ATL3
7,VPS33B
7,FAM45A
7,MXRA7
7,NBAS
7,PREP
7,PRKCD
7,USE1
7,PCDHB8
7,PCDHB6
7,S100A10
7,CYP4F12
7,SSR3
7,FMNL1
7,TMEM109
7,FA2H
7,SCD5
7,RAB33B
7,PLEKHA8
7,SFT2D3
7,TRIM5
7,TRPA1
7,EBAG9
7,PTPLA
7,ORMDL1
7,STX8
7,PITPNM1
7,CD47
7,C2CD2L
7,MARCH6
7,CGRRF1
7,AP4S1
7,SMYD4
7,TTC14
7,ERN1
7,REEP3
7,TBC1D9B
7,SEC11A
7,TMCO4
7,AHCTF1
7,DHRS7B
7,CNNM1
7,HID1
7,IGSF3
7,NIPAL4
7,RHOC
7,M6PR
7,SLC35C2
7,GDE1
7,CYCS
7,KCTD9
7,CNNM2
7,SLC47A1
7,DHX32
7,PCDHGB5
7,GPR107
7,RAB27A
7,HCN2
7,UBE2Z
7,CA8
7,VANGL1
7,GHDC
7,RNFT2
7,SLC16A5
7,ORF14
7,RAI1
7,TCERG1
7,EBNA1BP2
7,TOPBP1
7,PSIP1
7,KIF18B
7,EME1
7,SGOL2
7,CCDC71L
7,PDCD11
7,RBM34
7,SETX
7,RRP1B
7,PHF8
7,RRS1
7,RRP12
7,ZNF629
7,ZMYND8
7,PPIL2
7,UBN2
7,NIPBL
7,C3orf17
7,DCAF13
7,GNL3
7,ZBTB11
7,UTP20
7,ATAD2
7,GNL2
7,BAZ2B
7,TNPO2
7,INCENP
7,RBM12B
7,NRD1
7,NUMA1
7,PARN
7,RSL24D1
7,ESF1
7,ARID4B
7,PHF2
7,ZNF280D
7,GON4L
7,IMP3
7,BRIX1
7,ASH1L
7,DDX24
7,REXO4
7,CBX8
7,ZBED5
7,KDM5A
7,RBM26
7,NOC3L
7,DDX31
7,SURF6
7,TEAD1
7,TOP2B
7,XPC
7,ZNF112
7,SLTM
7,EHMT1
7,ATAD5
7,CHD9
7,HIST1H2BO
7,ZNF644
7,L3MBTL3
7,BUD13
7,FAM207A
7,DDX18
7,BAZ1B
7,EXO1
7,SCAF11
7,ZMYM3
7,RECQL5
7,DDX23
7,CDYL
7,ZNF592
7,PHF14
7,BMS1
7,RBM19
7,DCLRE1A
7,MED12
7,CUEDC1
7,PLD1
7,EPB41L4B
7,SHB
7,VTI1B
7,EXOC3
7,DENND5B
7,DAPK1
7,DENND6A
7,FAM219A
7,PSME4
7,EXOC6B
7,CDC42EP4
7,ARFIP2
7,GOLGA1
7,AGFG2
7,LAMB2
7,UHRF1BP1
7,CCDC186
7,PI4K2B
7,TBC1D23
7,PLEKHA3
7,SPRY4
7,BHLHE40
7,VAMP8
7,AP4M1
7,RUSC2
7,SEC31A
7,ARFRP1
7,TLR6
7,TBR1
7,THSD7A
7,PIGN
7,PANX1
7,PCDHB5
7,SLCO3A1
7,CYP4V2
7,PI4KB
7,TMEM9B
7,FAM160B1
7,SLC6A8
7,FZD5
7,PIGB
7,TMEM59
7,RPS4Y2
7,MARVELD2
7,FAM171A1
7,PCNX
7,SLC9A8
7,PRKD3
7,TMEM98
7,SLITRK5
7,GGT7
7,APBB1
7,RGPD1
7,LRCH4
7,THEM6
7,GPRC5B
7,TMEM132A
7,TCP11L1
7,TMEM63B
7,PCDHGB3
7,PCDHA1
7,VANGL2
7,ANO8
7,SENP2
7,SDC4
7,BNIP2
7,PRR14
7,LPCAT1
7,PCDHGB4
7,PRSS23
7,COL4A2
7,ATF6B
7,FUCA2
7,GNS
7,NOMO2
7,ITGA2
7,ITGAV
7,POGLUT1
7,APMAP
7,RAC2
7,P3H1
7,SLIT3
7,LRRC8E
7,COL18A1
7,AFG3L2
7,EARS2
7,ALDH2
7,PCK2
7,MCAM
7,KIAA1549
7,LPHN2
7,AGPAT4
7,APH1A
7,ARV1
7,ASTN1
7,BACE2
7,BTN2A1
7,BTN2A2
7,BTN3A2
7,BTN3A3
7,CERS4
7,CERS5
7,CERS6
7,CHMP7
7,CNIH4
7,DENND4B
7,DHRS1
7,C3orf58
7,DNAJC14
7,ELOVL4
7,EPHA7
7,FAAH
7,FBLL1
7,FZD3
7,GPM6A
7,GRAMD1C
7,IER3IP1
7,IFT80
7,ILDR2
7,JAG2
7,JAM3
7,JPH3
7,KCNJ11
7,KCNJ8
7,LAMTOR2
7,LMBR1
7,LRRC8B
7,MDFIC
7,MIA2
7,MPZL2
7,NCAM1
7,NIPAL3
7,NIPSNAP1
7,PIGC
7,PIGK
7,PIGX
7,PODXL2
7,REEP2
7,RTN1
7,SEMA6A
7,SLC41A3
7,PQLC1
7,SYT9
7,TMCC3
7,TMEM189
7,TMEM39A
7,TMEM59L
7,TMX4
7,TRAM2
7,TRIM4
7,UBQLN4
7,UNC5C
7,LOC107983993
7,ABCB9
7,ABHD6
7,ADD3
7,AHCYL2
7,ALCAM
7,AP1AR
7,ARL13B
7,ATP6V0C
7,BAG4
7,CACHD1
7,C19orf26
7,CCDC117
7,CHMP6
7,CSNK1G3
7,CTDSP1
7,DCBLD1
7,DESI2
7,DMD
7,DNAJB6
7,DOCK11
7,EFNB2
7,EHD1
7,EHD4
7,EPB41
7,EPB41L3
7,EPHA3
7,FAM83B
7,FTSJ1
7,GRID1
7,GUCY1B3
7,IL1RAP
7,IQGAP2
7,LRIG1
7,LRIG2
7,METTL7A
7,MPP6
7,MPP7
7,NDRG3
7,OSBPL3
7,PAG1
7,PCDH7
7,PIK3R3
7,PIP5K1A
7,PLCB1
7,PPP1R15B
7,PRRT4
7,PTPN9
7,PTPRG
7,REEP1
7,ROR2
7,SCFD2
7,SH3BP4
7,SLC16A10
7,SLC1A4
7,SLC20A2
7,SLC26A6
7,SLC27A3
7,SLC30A4
7,SLC9B2
7,SPRY1
7,STEAP1
7,TBC1D22B
7,TMEM222
7,TPD52L2
7,TUSC2
7,UBQLN2
7,USP20
7,WDR20
7,ZDBF2
7,ZDHHC8
7,TTF2
7,YTHDC2
7,SUMO2
7,ANKHD1
7,MORF4L2
7,ARHGAP35
7,CASP7
7,CCNB2
7,CEP120
7,COBL
7,DCDC2
7,E2F4
7,GTSE1
7,LUZP1
7,ATP8
7,NEK4
7,PPP1R15A
7,RCHY1
7,SAMD1
7,SNX25
7,TTK
7,USP3
7,ZER1
7,ZUFSP
7,AGPAT2
7,ANKMY2
7,ANO5
7,ARHGAP8
7,CAB39
7,CDKN2A
7,CEPT1
7,CLCN2
7,DGCR2
7,DNAJC18
7,KIAA1324L
7,ENPP1
7,ERICH5
7,FAM169A
7,FRAS1
7,GLB1L2
7,GPR108
7,GTF2H2C
7,KLHL22
7,LRP2
7,FAM129A
7,NRM
7,ORMDL3
7,PCID2
7,PCYT1A
7,PRKD1
7,RAB22A
7,RAB24
7,SFT2D2
7,SLC1A1
7,SLC43A1
7,SLCO4C1
7,STX17
7,SV2A
7,SYNE3
7,TMEM184B
7,TMEM53
7,TRAPPC1
7,UBR2
7,ZDHHC14
7,C18orf32
7,ELMOD2
7,C14orf1
7,GREB1L
7,GXYLT1
7,IPO7
7,KHNYN
7,MTMR14
7,NDUFA2
7,NDUFB8
7,NDUFS7
7,GBAS
7,PEX11B
7,PEX14
7,PIGP
7,PPM1L
7,TMEM242
7,TOM1
7,TOM1L2
7,BBX
7,C14orf169
7,ANXA11
7,ANP32E
7,C19orf47
7,CBX2
7,CBX4
7,CENPC
7,CTPS2
7,CTR9
7,DDX28
7,DDX49
7,FLYWCH1
7,GTF3C3
7,HOXA5
7,C4orf27
7,IDH3A
7,KDM1B
7,MAK16
7,MAPK1
7,MPHOSPH6
7,C17orf85
7,NDUFB10
7,NFIC
7,NKX2-5
7,NOC4L
7,NPM3
7,P2RY1
7,PIGM
7,PPAN
7,RAD23B
7,RPLP1
7,RPP14
7,SLC44A5
7,SMARCA1
7,SMIM19
7,SNRPD3
7,SRBD1
7,SUPT4H1
7,TAF1
7,TCOF1
7,PAPD5
7,TEX10
7,TMEM167A
7,TP53RK
7,UTP3
7,ZBTB9
7,ZNF512B
7,ZSCAN21
7,OCRL
7,RAB11FIP1
7,RAB11FIP2
7,SCYL2
7,TRAPPC3
7,VCP
7,FYTTD1
7,HIP1
7,LAMTOR1
7,LAMTOR3
7,PSMA1
7,PSMA5
7,WDR13
7,PSMC2
7,ATXN3
7,CD83
7,DNAAF5
7,DNAJC25
7,EMB
7,GLRB
7,MAP3K11
7,NHLRC3
7,OCA2
7,PIEZO1
7,PPAP2A
7,SOGA3
7,SPPL2B
7,TMEM179B
7,TMEM231
7,XPO6
7,BAI1
7,CADM4
7,COLEC12
7,CSPG4
7,EDA
7,FZD8
7,GDPD1
7,GPM6B
7,ITGA7
7,KCNMB4
7,LINGO1
7,MAOA
7,OSTF1
7,PAPSS2
7,PLSCR1
7,PSEN1
7,PTPRU
7,SLC29A2
7,SYNDIG1
7,TMEM147
7,TMEM63C
7,RPS25
7,ABCB1
7,ALG10
7,AP4E1
7,BICD1
7,IFT46
7,C17orf75
7,C19orf25
7,SMIM12
7,C9orf72
7,CADM1
7,CAPNS1
7,CBX5
7,CHRNA5
7,CORO7-PAM16
7,CPOX
7,DCD
7,DEPDC1B
7,DHRS13
7,DSC2
7,F11R
7,FAM105A
7,GBA2
7,GPN1
7,GRAMD3
7,GRAMD4
7,GRB2
7,HIST1H3F
7,HSPBP1
7,ITGA5
7,JPH1
7,KCNG1
7,KIAA0100
7,KIAA2013
7,KIF22
7,LRRC8C
7,LSM1
7,LYSMD3
7,MBOAT2
7,NEDD4
7,OSBPL10
7,PDE3B
7,PDK1
7,PIK3R1
7,PIK3R2
7,PRKCH
7,PSMB1
7,RNF185
7,RNFT1
7,SBDS
7,SEC11C
7,SLC6A9
7,SLC7A2
7,STX3
7,TBC1D20
7,TJAP1
7,TMEM161B
7,TMEM219
7,TMTC1
7,UFSP2
7,UGT8
7,UHRF1BP1L
7,VPS53
7,WLS
7,TRIM32
7,TMED1
7,NOMO3
7,DCTN1
7,SUSD2
7,MAGED2
7,CKAP5
7,ISG15
7,SAMHD1
7,EIF5A2
7,KIF9
7,KLHL36
7,AKT3
7,XPNPEP3
7,SERPINB4
7,GNPTAB
7,DDHD2
7,MRS2
7,GNPTG
7,TTC30A
7,ABHD14A
7,RDH12
7,RNF121
7,B4GALT3
7,SPG7
7,ACSS1
7,FRMD5
7,FXYD6
7,IL18R1
7,CD302
7,ERBB4
7,RTN2
7,MOB1B
7,KHDC1
7,PTTG1IP
7,ROGDI
7,VEZF1
7,ZNF768
7,SLC5A2
7,LRIT3
7,SSRP1
7,VRK1
7,MECP2
7,BAZ1A
7,BIN1
7,TMEM8A
7,XPO4
7,EXOC7
7,TBC1D9
7,RAD23A
7,PGK2
7,HSPA7
7,HTT
7,MAP1LC3C
7,TPM4
7,TRAFD1
7,ST13P4
7,INA
7,CDC42BPA
7,NKAP
7,MYH14
7,TDP1
7,HIST1H2AA
7,TUBB2B
7,RAI14
7,CRYZ
7,KRT77
7,MAP2K1
7,TMOD2
7,XPO7
7,TNPO3
7,CCDC142
7,RNPS1
7,MRPL53
7,SARNP
7,CMC1
7,KRT14
7,TLR2
7,TRAF3
7,IKBKE
7,MLLT4
7,PHF6
7,H1FX
7,RPLP2
7,RPL34
7,HTRA1
7,MAST2
7,RADIL
7,LGALS1
7,RPLP0
7,HIST2H2BF
7,ABCC9
7,ASTN2
7,BBS5
7,SHISA9
7,TMEM212
7,ZNF66
7,CCND3
7,ADRM1
7,WDR77
7,TRIP13
7,PSMB2
7,PSMD13
7,PSMA4
7,NT5C2
7,MAP1B
7,KIAA0368
7,NIP7
7,SNX33
7,CDC42BPB
7,EPN1
7,KIAA1919
7,ATP9B
7,ALKBH1
7,CHST11
7,ATP11B
7,UXS1
7,RNF167
7,TNFRSF12A
7,BCKDHB
7,TBL1XR1
7,PTCD2
7,IDH3G
7,MRPL38
7,SLC38A9
7,C20orf24
7,SPPL2A
7,CERS1
7,FADS3
7,TRRAP
7,GFPT2
7,PDS5B
7,CYP20A1
7,TMEM128
7,RRAS2
7,TSPAN15
7,ANAPC2
7,IGSF8
7,ALG12
7,TMCO3
7,PODXL
7,TBCD
7,TMUB2
7,GRK6
7,TSPAN13
7,SNX13
7,TMEM246
7,GNPAT
7,ABHD17B
7,SEC22A
7,TSPAN3
7,CD63
7,CD82
7,TMEM102
7,RNF182
7,COL4A1
7,WBP1L
7,PITPNM3
7,KCNE4
7,TAOK2
7,PDCD4
7,ORAI3
7,UBXN2B
7,HIAT1
7,TMEM129
7,RAP2A
7,GPR115
7,UBXN2A
7,ANXA10
7,ARL6IP1
7,S100A16
7,LRRC40
7,BNIP3
7,CDC42SE2
7,PRRG1
7,MVD
7,NIPA2
7,TSPAN4
7,CRABP2
7,MYL12B
7,MIEF1
7,PLAA
7,SP1
7,ZNF444
7,SYNGR2
7,IK
7,ORC5
7,TSPAN9
7,MPV17
7,DHODH
7,TTI2
7,HDDC2
7,SLC25A23
7,NCDN
7,ZNHIT6
7,WDR76
7,CREB5
7,JUND
7,KATNBL1
7,C1orf174
7,ATF3
7,TATDN2
7,MSX2
7,CCNG1
7,FZD7
7,KDM6A
7,LRRC7
7,HLA-DQB1
7,KDELR3
7,MBTPS2
7,ATP5G3
7,TMEM208
7,DPAGT1
7,MYH16
7,SLC39A6
7,SYNGR1
7,CMTM4
7,SYS1
7,FAM57A
7,ND1
7,MFSD11
7,DYNC1H1
7,ASB6
7,CROCC
7,GCFC2
7,NFATC4
7,SYTL2
7,TMSB4X
7,SHC4
7,ITPRIPL1
7,LMF1
7,XRCC1
7,TMEM35
7,KRTCAP2
7,MFSD9
7,PCDH17
7,USP24
7,PSMA8
7,CREB3
7,CCDC64B
7,CREB3L1
7,CEP57L1
7,MKRN3
7,CD27
7,CD40
7,IL27RA
7,LY6E
7,LYPD5
7,C19orf18
7,FFAR2
7,HAVCR2
7,OR1D5
7,PCDHB1
7,PRB3
7,SLC51B
7,TBXA2R
7,TMEM14B
7,TMEM45A
7,TSPAN8
7,SLC10A1
7,RGS13
7,PRKAG2
7,KCTD13
7,HSD11B1L
7,GMCL1
7,FCER1G
7,CRX
7,BEND7
7,SSH2
7,EGR1
7,TMEM154
7,LYZL6
7,KCNJ12
7,CLHC1
7,AFTPH
7,BABAM1
7,SOX2
7,GXYLT2
7,TJP3
7,POU6F2
7,ARHGAP4
7,FAM178A
7,TCTEX1D4
7,AADACL3
7,ROBO3
7,REXO1
7,USP43
7,LRRK1
7,TNS1
7,FGFBP3
7,SLC26A4
7,SEC14L5
7,FBXO38
7,YRDC
7,CLMP
7,PPP1R14A
7,GRB14
7,ZBTB4
7,ASPN
7,DOCK2
7,RSRC1
7,TRIM55
7,SH2B3
7,CCNT2
7,HDAC7
7,C5orf24
7,CCDC120
7,STK35
7,SERTAD4
7,HMGA1
7,ATPIF1
7,MED15
7,CCNL1
7,SLC25A19
7,PSME2
7,MYL9
7,MYL3
7,MYH7B
7,MTMR11
7,MYH6
7,YWHAE
7,YWHAB
7,RBPMS
7,IGHM
7,LIN28A
7,LRP1
7,UNC45B
7,PAICS
7,MYL7
7,COL3A1
7,C4A
7,KRT5
7,HIST2H2AA3
7,HIST1H2BH
7,OTOF
7,MT1A
7,S100A7
7,OTOGL
7,BST2
7,TERF2
7,COASY
7,EIF3J
7,EML4
7,SF3A2
7,STK38L
7,BAK1
7,SCARF2
7,CD320
7,C17orf49
7,PCNXL2
7,PLEKHM1
7,NCOA2
7,MBOAT1
7,AZIN2
7,PARP10
7,PRDM14
7,TSGA10IP
7,ANO7
7,SIT1
7,KANSL1L
7,OSBPL5
7,TET3
7,XIRP2
7,CARD10
7,OR4K14
7,NCOA1
7,TLK2
7,GPR180
7,GGA1
7,GPR50
7,SNX4
7,ATP1A2
7,SIX4
7,ETV3
7,MARCH1
7,CCDC107
7,BCL2L1
7,NLK
7,SDC2
7,MEAF6
7,BRD1
7,TUBA1C
7,C11orf84
7,BRAT1
7,MTOR
7,ASNA1
7,HDX
7,ATP6V1H
7,COPRS
7,CHD4
7,QPCTL
7,GPN3
7,CADPS2
7,DCAF8
7,POMK
7,PPP2R2D
7,ZCCHC10
7,TIMP1
7,TOR3A
7,MMS22L
7,EXOC8
7,ND2
7,ARHGAP12
7,CDKL2
7,RPL36A
7,HK2
7,NAA15
7,ZDHHC12
7,ZDHHC15
7,ACTA2
7,ACTG2
7,CTBP2
7,DTNA
7,GLUD2
7,PYGL
7,RALB
7,UBB
7,ATP8A1
7,SLC38A3
7,CRCP
7,DEF6
7,SLC35B3
7,TVP23B
7,PLEKHA8P1
7,ADAM22
7,CPVL
7,SAYSD1
7,PCDH10
7,RAP2C
7,NABP2
7,RAB6C
7,MRI1
7,CSNK1A1L
7,RLTPR
7,DDX26B
7,FAM26E
7,KLRG2
7,RPL13AP3
7,MIR3622B
7,RNVU1-7
7,SNRPGP7
7,PLN
7,C4orf3
7,ELN
7,RAB39A
7,TAS2R7
7,SYT2
7,TAS2R41
7,TSPAN5
7,MC2R
7,OPALIN
7,SGMS2
7,AS3MT
7,SH3GLB1
7,TSC22D3
7,MAEA
7,CNOT6
7,VPS4A
7,ARL6IP4
7,CARS
7,COPS6
7,SHPK
7,QPRT
7,C11orf31
7,HN1L
7,SIAH1
7,TFF2
7,HIST1H4I
7,TLR1
7,DFNA5
1,AP3B1
1,ETFA
1,STOM
1,PSMD8
1,PMPCA
1,PITRM1
1,ADCK4
1,BZW2
1,LARP1
1,DDX21
1,nsp11
1,TBCA
1,nsp13
1,CIT
1,HSBP1
1,PCNT
1,FGFR1OP
1,PRKACA
1,RDX
1,CENPF
1,TLE3
1,AES
1,GOLGB1
1,PDE4DIP
1,CEP135
1,CEP68
1,CNTRL
1,ERC1
1,CLIP4
1,NIN
1,CEP112
1,MIPOL1
1,USP13
1,GCC1
1,JAKMIP1
1,GORASP1
1,FYCO1
1,C1orf50
1,CEP250
1,HOOK1
1,NINL
1,nsp14
1,GLA
1,SIRT5
1,SLC27A2
1,EIF4E2
1,IDE
1,nsp5
1,HDAC2
1,GPX1
1,TRMT1
1,RAB10
1,TOR1AIP1
1,ZNF503
1,PPT1
1,MAP7D1
1,RAE1
1,SDF2
1,SIL1
1,GPAA1
1,ABCC1
1,GHITM
1,BSG
1,IRAK1
1,MED24
1,FADS2
1,ATP6V0A2
1,ALDH1A2
1,HAX1
1,PC
1,SDF4
1,HAUS6
1,NME3
1,PCCB
1,SDPR
1,RNF8
1,ZNF250
1,PEG10
1,FSCN1
1,HSPA5
1,SLC39A14
1,PIGU
1,RABL3
1,SLC35F6
1,ATP5H
1,COTL1
1,MSN
1,SETD2
1,SLK
1,MET
1,DLG1
1,KIAA1598
1,SNX27
1,VPS26A
1,NEDD1
1,GPI
1,EZR
1,RAB21
1,MAPRE1
1,CNDP2
1,AKR1B1
1,ITCH
1,PGM1
1,PTGR1
1,GLO1
1,UCHL1
1,HINT1
1,SNX2
1,NOTCH1
1,NCEH1
1,EEA1
1,RAB13
1,SUMF2
1,CAP1
1,BTAF1
1,RNF213
1,PFKP
1,NUP188
1,NDUFA12
1,RFT1
1,LCLAT1
1,DAD1
1,FAM213A
1,TM9SF4
1,CTNNA1
1,STT3A
1,SCAMP3
1,GOLGA5
1,TMED2
1,OCIAD2
1,TM9SF2
1,MAVS
1,FGB
1,ITGA3
1,IRF3
1,NLRP12
1,DDOST
1,TMEM33
1,MAGT1
1,SPECC1
1,HNRNPU
1,SLC2A1
1,PRMT5
1,CDIPT
1,PGRMC2
1,SEC24B
1,CES1
1,SLC27A4
1,RAB35
1,ACOT7
1,CLTC
1,DYNC1I2
1,EMD
1,VWA8
1,UBXN4
1,FAF2
1,TRAM1
1,SLC7A11
1,SLC25A4
1,EIF6
1,TMEM205
1,LBR
1,FADS1
1,ARL1
1,NPC1
1,ATP2B1
1,PAFAH1B1
1,TMX2
1,HSD17B12
1,HSD17B11
1,PTPLAD1
1,RAB8B
1,TMCO1
1,SMU1
1,LSG1
1,PSMD1
1,PSMD4
1,SLC39A10
1,WDR18
1,RPL7A
1,RPL8
1,RPL9
1,RPL27
1,RPL27A
1,RPL36AL
1,RPS6
1,SCD
1,SDHA
1,SHMT2
1,SNRPD1
1,SOAT1
1,SRC
1,STIM1
1,YES1
1,HM13
1,YIPF5
1,RAB1B
1,UTP15
1,MYADM
1,BUB3
1,COPB2
1,TRIP11
1,ABCG2
1,MPDU1
1,TP53I11
1,WDR1
1,ARPC4
1,TOMM40
1,SEC23A
1,WDR4
1,PGRMC1
1,SUGT1
1,IMMT
1,WDR5
1,SUPT16H
1,CYBA
1,DDB2
1,DHX9
1,LRWD1
1,BOP1
1,UBR4
1,TMEM245
1,FBXO22
1,AP3M1
1,PRPF19
1,GOLGA4
1,WDR62
1,FLVCR1
1,SLC25A5
1,SLC35B2
1,IMPA1
1,LTA4H
1,MYO1C
1,EIF3L
1,PFN1
1,NLE1
1,PPIB
1,TMEM160
1,CLN6
1,DARS2
1,ARL8B
1,AGPAT5
1,AGTRAP
1,PSMD3
1,PBXIP1
1,RAB3B
1,RAC1
1,RB1
1,RPL22
1,RPL35A
1,RPL37A
1,RPS4Y1
1,RPS27
1,PPAN-P2RY11
1,TCP1
1,GGCT
1,DERL1
1,NOL9
1,SFXN3
1,SEH1L
1,WDR75
1,CUL1
1,SERPINH1
1,MCU
1,SLC16A3
1,PDIA4
1,PSMD6
1,PACSIN2
1,CCDC138
1,YTHDF3
1,RBM47
1,PRRC2A
1,TOP3B
1,FXR2
1,ARID2
1,CDR2
1,PKP3
1,CHUK
1,AMOTL1
1,SYNPO2
1,PPP6R1
1,PHLDB1
1,MTCL1
1,LATS2
1,CDR2L
1,CHRAC1
1,IPO9
1,KIDINS220
1,BEGAIN
1,ARHGAP39
1,CEP78
1,CARD6
1,PKP4
1,NAV3
1,NAV2
1,KIAA0753
1,CHD1
1,FLII
1,PIBF1
1,RNH1
1,PPFIA1
1,AIP
1,AKT1
1,MCCC1
1,CAP2
1,LMNA
1,TOMM22
1,SCYL1
1,RINT1
1,TMPO
1,ZBTB12
1,PIAS4
1,RGPD3
1,PAPSS1
1,EEF1G
1,ERO1L
1,MRPL16
1,BLVRB
1,TRAF2
1,TUFM
1,CAMSAP1
1,GNAS
1,STRIP2
1,PRPF8
1,DLST
1,ECHS1
1,PJA2
1,CHAF1A
1,MYBBP1A
1,NOP56
1,PES1
1,MKI67
1,ZNF280C
1,CACTIN
1,SRP14
1,TOP2A
1,POLDIP3
1,MDC1
1,GPRIN1
1,TBC1D22A
1,MIA3
1,MTMR6
1,SEC23IP
1,PSMC3
1,IPO4
1,PICALM
1,ARFGAP2
1,SQSTM1
1,AGRN
1,ASAH1
1,PLOD1
1,RCN1
1,RCN2
1,CHID1
1,AARS
1,ENO1
1,PDHB
1,TRMT61B
1,PTCD3
1,AARS2
1,NDUFAF5
1,YARS
1,DNAJA3
1,TIMM50
1,LONP1
1,ATP6V0D1
1,SMO
1,ACAA2
1,ACAP2
1,KIAA1524
1,DSG2
1,HSPA1B
1,LYN
1,MAP4K5
1,MARCKS
1,MPP1
1,PACS1
1,PTPN13
1,RGP1
1,SCRIB
1,SLMAP
1,SPRED2
1,SYNM
1,EIF3E
1,WIBG
1,CAMKK1
1,CEP192
1,CRK
1,HAUS3
1,MYO1B
1,PFDN1
1,RASSF7
1,TRIM27
1,ACOT13
1,C19orf53
1,CCDC137
1,CCNB1
1,CDC20
1,CEP76
1,CSNK1D
1,DDX6
1,EDF1
1,HIST1H2AC
1,HMGN2
1,KLF16
1,MRPL34
1,MRRF
1,MVB12A
1,NOP16
1,PLCB3
1,POC1B
1,PPP1R35
1,PSRC1
1,PTTG1
1,RPS28
1,RRM2B
1,SEPT5
1,C9orf114
1,THUMPD3
1,ACOT8
1,ANKRD50
1,CCDC9
1,COG8
1,CRKL
1,JUN
1,PIK3C2B
1,RIOK1
1,SIRT1
1,SORBS1
1,TBC1D5
1,TRAF7
1,UTRN
1,VCL
1,GART
1,CDC37
1,PEX5
1,RASSF8
1,RPAP1
1,AGTPBP1
1,BAG3
1,PPP6R3
1,STAT1
1,SYNJ2
1,DSG1
1,KATNB1
1,KIF1B
1,ACTR10
1,ACTR1A
1,LCMT2
1,HOXB9
1,PTMS
1,DYNLRB1
1,KEAP1
1,MYH10
1,PML
1,TACC2
1,CSTF2
1,HAUS7
1,KDM3B
1,WNK1
1,TPM1
1,ESRRA
1,SDAD1
1,TFAM
1,ZFP91
1,ZFYVE16
1,CHTF8
1,PRDX5
1,PSMC6
1,LRRFIP2
1,DLG3
1,HMGN4
1,NUDT16L1
1,RPL19
1,SDF2L1
1,PPIA
1,RAB3GAP2
1,UMPS
1,WDR6
1,PSMD12
1,SNRNP200
1,PDLIM5
1,ANKIB1
1,UBE4B
1,CNOT6L
1,CIAPIN1
1,MBNL1
1,ZC3H4
1,SFN
1,ZKSCAN8
1,BCL9
1,BRCA1
1,OAS3
1,H2AFY
1,DES
1,SNAPC1
1,ATP5J
1,RNF20
1,KIF5B
1,TPR
1,RABEP1
1,HGH1
1,ZFR
1,PPP2R2C
1,SERPINB6
1,VPRBP
1,MOV10L1
1,F2
1,RBM4
1,SEPT2
1,HP
1,DNAJB11
1,PPP2R1A
1,XRCC5
1,KRT10
1,ALB
1,MSH3
1,KRT2
1,YWHAQ
1,COX7A2
1,MYL12A
1,GNB4
1,PGD
1,TUBB6
1,ACTBL2
1,SDCBP
1,ANXA2
1,NAMPT
1,EPPK1
1,TUBB2A
1,THOC2
1,THOC3
1,HIST1H2AH
1,ACIN1
1,SNRPA
1,SNRPB
1,SRM
1,TFCP2
1,CSRP2
1,USP9X
1,GRWD1
1,TRIOBP
1,SYNJ1
1,DCTN3
1,NCK1
1,CBL
1,EEF1B2
1,DIP2A
1,CCDC91
1,TXLNG
1,MGEA5
1,PLS3
1,SON
1,UBFD1
1,SART1
1,SNRPB2
1,EEF1D
1,YAP1
1,MFAP1
1,UBE2M
1,CCDC174
1,PRPF38A
1,TCF20
1,DPYSL4
1,HMMR
1,BTF3
1,ACTR1B
1,CASP3
1,YWHAG
1,RBM6
1,FOXC1
1,LZIC
1,OPTN
1,ARGLU1
1,ELP6
1,PPP1R7
1,ELP5
1,RQCD1
1,ATXN2
1,C16orf70
1,UNK
1,BCAS3
1,RBM12
1,CDC123
1,HIST1H2AB
1,H2AFZ
1,CBX1
1,METAP2
1,CCAR1
1,RBM15
1,AIMP1
1,TIMM13
1,MYL6
1,MPP5
1,ABCF2
1,CDH6
1,CDH20
1,LSM12
1,PTP4A1
1,PRKAB1
1,KLF15
1,ITGB3
1,UBE2D2
1,VWF
1,C3
1,TIMM23B
1,PRPF31
1,KIF5A
1,CPSF6
1,THNSL1
1,GTF3C4
1,NHP2L1
1,TPP1
1,LRRFIP1
1,PRPF3
1,MACF1
1,KSR1
1,EHBP1L1
1,MAP4K2
1,SLC17A5
1,SMC6
1,ARL15
1,IGHG1
1,DNAJC5
1,TTR
1,FAM49A
1,SH3GLB2
1,BAIAP2
1,ACOT1
1,USP5
1,HEBP1
1,LGALS8
1,MAPK3
1,ZNF185
1,SOD2
1,HSPB1
1,AMD1
1,C11orf73
1,NDUFAF7
1,ABHD4
1,VPS25
1,CWC25
1,ANXA7
1,MED1
1,AURKB
1,IFI30
1,MAD1L1
1,MYO1E
1,ACAD11
1,LEO1
1,ZNF638
1,MLLT11
1,SMC3
1,SMDT1
1,CRTC2
1,E2F5
1,C5orf51
1,BORA
1,CBWD1
1,R3HCC1L
1,GSN
1,CIAO1
1,USMG5
1,UQCRH
1,UCK2
1,QRICH1
1,TUBB
1,PSMD9
1,DFFA
1,QKI
1,POLE4
1,POLE3
1,MSH2
1,GTF3C6
1,CD2BP2
1,CEP170
1,CHMP2B
1,ARAF
1,CUL4B
1,MAGEB2
1,MASTL
1,NCAPG
1,RNF169
1,ZBTB33
1,IRS2
1,SEPT9
1,WDR33
1,FAF1
1,SUPT6H
1,TSC22D2
1,CLTB
1,EIF4G1
1,ATF1
1,KPNA3
1,CREB1
1,ANKS1A
1,ATXN2L
1,CALM1
1,CDK11B
1,CLASP1
1,CWC15
1,DDX42
1,EDC3
1,EGLN1
1,ITSN1
1,KANK1
1,MIOS
1,NUDT12
1,PDZRN3
1,PHLDB3
1,PIP4K2B
1,PPIP5K2
1,PRRC1
1,SHFM1
1,SMNDC1
1,STRIP1
1,TFIP11
1,TGM2
1,TIPRL
1,TJP2
1,TRIO
1,TRIP4
1,CHERP
1,CTPS1
1,LIG3
1,PROP1
1,ARAP3
1,CTBP1-AS2
1,KLHL20
1,VEGFB
1,C1QTNF6
1,C22orf42
1,CCDC57
1,KALRN
1,LBX1
1,MTUS2
1,NOTO
1,REL
1,ENTHD2
1,TRIM50
1,TRIML2
1,TCF4
1,N4BP2L2
1,MEOX2
1,TFDP3
1,ZMIZ2
1,SS18
1,CNN3
1,BPTF
1,KMT2A
1,RAD9A
1,KMT2D
1,NCOR1
1,CEBPB
1,PRRT2
1,PRKAR1B
1,GATA2
1,EP300
1,BRD7
1,MDM2
1,ATRIP
1,LATS1
1,LIMD1
1,PLCD3
1,PLCB2
1,CAMK2B
1,PHLPP2
1,CSF1
1,SMTN
1,DNAJC2
1,IMPDH1
1,TCF25
1,TAF15
1,C5orf45
1,MED4
1,MED17
1,MED14
1,FAM83D
1,AP3D1
1,HRNR
1,FLNB
1,PPL
1,IRF2BP2
1,APOA1
1,TF
1,ARRB2
1,PRSS3
1,C4B
1,U2SURP
1,SERPINA3
1,MIS18A
1,FLG2
1,TGM1
1,RGS10
1,ACAA1
1,CALD1
1,ERG
1,EVPL
1,ACSL1
1,G6PD
1,IARS
1,IGFBP7
1,KRT6A
1,KRT7
1,KRT15
1,STMN1
1,MLH1
1,PAFAH1B2
1,PRCC
1,PROX1
1,RELN
1,PTPRB
1,RPA1
1,SAFB
1,SPAST
1,TSN
1,VTN
1,SORBS2
1,RANBP3
1,CHD1L
1,SNCAIP
1,RB1CC1
1,EPM2AIP1
1,MVP
1,PLIN3
1,STK25
1,MAP3K2
1,POP4
1,EHMT2
1,C11orf58
1,DIDO1
1,AAK1
1,MMRN1
1,KDM2A
1,SMC5
1,ADNP
1,MLYCD
1,CARHSP1
1,CD2AP
1,STK39
1,EHD2
1,DBR1
1,KIAA1217
1,SCAF4
1,NPEPL1
1,GSDMD
1,RABEP2
1,UBA5
1,LIMD2
1,FAM172A
1,CHMP4B
1,SEPT10
1,FAM115C
1,FAM102A
1,PALM2-AKAP2
1,KRT4
1,STAT3
1,ARIH1
1,CDKN2AIP
1,NEURL4
1,PGBD2
1,NBPF19
1,CCDC33
1,KCNH8
1,ANKRD34A
1,CD300LF
1,VWA5B2
1,GLI3
1,KIAA1551
1,C9orf173
1,ZNF440
1,SHROOM2
1,PIP4K2C
1,CWC22
1,ZMYM4
1,CACUL1
1,RBMY1A1
1,YEATS4
1,ZBP1
1,RIPK3
1,TEAD4
1,PHKG2
1,PIM2
1,TSSK3
1,IKBKB
1,LARS
1,PARK2
1,KLHL24
1,KLHL8
1,ZFAND4
1,FBXL5
1,TRIM68
1,ASB13
1,MESP2
1,KRT79
1,MRM1
1,CYP11B1
1,SSR4P1
1,KIAA0141
1,SMPX
1,TMEM204
1,BTNL8
1,DPEP2
1,KIF25-AS1
1,ZBTB25
1,F7
1,F12
3,CWC27
3,RIPK1
3,UBAP2
3,USP54
3,nsp15
3,NUTF2
3,ARF6
3,RNF41
3,AATF
3,nsp9
3,GTF2F2
3,FBN1
3,FBN2
3,NUP214
3,NUP62
3,DCAF7
3,MIB1
3,SPG20
3,NEK9
3,MAT2B
3,FBLN5
3,MDN1
3,DPH5
3,GLTSCR2
3,ALDH5A1
3,NFE2L2
3,RBFOX2
3,UBE3C
3,POLD3
3,CALU
3,GBF1
3,ZNF148
3,MOB4
3,SPIRE1
3,CEP170B
3,DOCK6
3,BMPR1B
3,ZW10
3,STAT6
3,TAX1BP1
3,ANXA6
3,LRIG3
3,EIF2A
3,TMEM156
3,AKR1A1
3,ECE1
3,USP8
3,CBR1
3,SLC30A1
3,PVRL2
3,RIF1
3,INTS1
3,TMED10
3,LEMD3
3,STX5
3,IGFBP3
3,CANX
3,BAG2
3,DBT
3,DNAJB1
3,KTN1
3,LMNB1
3,TEX264
3,GOPC
3,RPS24
3,FLOT1
3,TBL3
3,USP39
3,PNPLA6
3,DSTN
3,CPNE8
3,AP1B1
3,FBL
3,FHL1
3,POGZ
3,RSL1D1
3,IREB2
3,KIRREL
3,KIF21A
3,WDR45B
3,SMAP1
3,RPL23A
3,RPS26
3,SNX3
3,SOCS6
3,LSM14B
3,OTUD4
3,ZFP36L2
3,USP10
3,EIF5B
3,RPS20
3,TRAF3IP2
3,CAPN7
3,CACYBP
3,HPGD
3,PSMB4
3,IBTK
3,NUPL2
3,YIPF6
3,P4HB
3,SSR4
3,TMF1
3,GJC1
3,WDR41
3,PRR14L
3,MGA
3,RBBP7
3,MAGED1
3,TOB1
3,GMEB1
3,GMEB2
3,NFIL3
3,NFRKB
3,SPA17
3,WDR55
3,CHD8
3,KDM5D
3,SUPT3H
3,ALYREF
3,UTP14A
3,BAZ2A
3,CDCA5
3,SPTY2D1
3,PHF3
3,GTF3C1
3,GTF3C2
3,KNOP1
3,NVL
3,DDX41
3,MCM10
3,WIZ
3,BLM
3,ZNF106
3,TCEB3
3,SMARCA5
3,NOLC1
3,PPIG
3,HGS
3,NUMBL
3,MON2
3,GGA3
3,RABGEF1
3,CLINT1
3,ARCN1
3,SMAP2
3,SCN9A
3,OXR1
3,B4GALT1
3,EIF2B5
3,ADD1
3,CDC42EP1
3,EPB41L5
3,FAM126A
3,PARD3
3,SNAP23
3,TTC1
3,UFD1L
3,VPS13C
3,FBXO5
3,MICALL1
3,STRAP
3,ADK
3,CSTF2T
3,FUK
3,HSP90AB1
3,IQCB1
3,PFDN4
3,PFDN6
3,TAB2
3,TUFT1
3,VBP1
3,NOL7
3,NUSAP1
3,OARD1
3,RRM2
3,TMA16
3,ZNF691
3,PDLIM7
3,ARHGEF16
3,BCAR1
3,BCAR3
3,CAMSAP2
3,CAT
3,CEP55
3,CKS2
3,DCXR
3,DLGAP5
3,DNPEP
3,DOCK4
3,EIF2B2
3,FAM117B
3,FBXO42
3,GGA2
3,HTRA2
3,KDM3A
3,LENG8
3,LIMCH1
3,PALLD
3,PPP2R5D
3,PRKAA1
3,PSME1
3,ROCK2
3,SARS
3,SMG5
3,SMG6
3,SMG9
3,STAM
3,STRBP
3,TBPL1
3,TRIM9
3,XIAP
3,ANKRD28
3,CLASP2
3,SPATA5L1
3,ZNF24
3,SKA3
3,CENPV
3,CHTOP
3,RPL39P5
3,FN3KRP
3,PPP1R3F
3,C12orf43
3,MKL1
3,MYBL2
3,QSER1
3,STRN4
3,UNG
3,PSMC3IP
3,CC2D1B
3,CIZ1
3,CSTF1
3,DCLK1
3,DNAAF2
3,GTF2F1
3,NDUFS5
3,SATB2
3,UBE3D
3,ZZZ3
3,MAPK13
3,URB1
3,WBP11
3,AGFG1
3,NCK2
3,RABGAP1
3,RAB6B
3,BUD31
3,CC2D1A
3,MINK1
3,ABCC5
3,ACTN1
3,BZW1
3,EIF1
3,NUP43
3,TTLL12
3,NACAD
3,PCMT1
3,NSFL1C
3,SNAP29
3,PINX1
3,MELK
3,TUBG1
3,MZT2A
3,RPS6KA6
3,KIAA0020
3,ZPR1
3,NT5DC1
3,CMAS
3,GLYR1
3,EIF2S2
3,SRPK3
3,CTCF
3,KIF2B
3,TRMT2A
3,LLPH
3,NKTR
3,CHD3
3,CDK12
3,TAF2
3,URB2
3,RNF40
3,TANK
3,TBC1D1
3,SUGP2
3,HBB
3,GNAI3
3,HAGH
3,RPS5
3,SLC39A7
3,RAB1C
3,ACTR2
3,ATP5I
3,MRTO4
3,MRPL12
3,NHP2
3,DOPEY2
3,MAPT
3,PPP2CA
3,PPAT
3,SEPT6
3,AGO3
3,ARPC5
3,NAA50
3,DUT
3,DNAJC9
3,HLCS
3,LPP
3,ATP6V1G1
3,HIST1H1D
3,TCEA1
3,CAPZA2
3,SNRPG
3,TP53BP1
3,PDCD6IP
3,TNPO1
3,ARPC5L
3,SCIN
3,SIRT2
3,MAP7D2
3,AKAP2
3,ZCCHC8
3,HNRNPUL1
3,LTV1
3,RGS3
3,PURA
3,RNA28S5
3,RNR1
3,AEN
3,VIM
3,NUCKS1
3,HCFC1
3,HMGN1
3,COPS5
3,COX8A
3,ERH
3,HIST1H4J
3,HIST1H4D
3,TRIAP1
3,STAT2
3,SUGP1
3,SF3B1
3,NSRP1
3,CCNA2
3,RSBN1L
3,RRP15
3,BCAS2
3,PAF1
3,CDC42EP3
3,PAK2
3,MADD
3,EPS15L1
3,ARHGEF7
3,CBLL1
3,TAF9
3,HSPA14
3,SERPINA1
3,C18orf21
3,NTHL1
3,CBX3
3,DPYSL2
3,IWS1
3,RBM27
3,SCML2
3,AP3S1
3,CASC3
3,CCDC50
3,DRG2
3,ARHGAP17
3,C1orf52
3,DIAPH1
3,ERICH1
3,ANLN
3,ARHGEF18
3,ARHGEF2
3,ARPIN
3,AUNIP
3,BOD1L1
3,BRIP1
3,CDC5L
3,CENPE
3,CHMP1A
3,CTNNBIP1
3,CUEDC2
3,DDHD1
3,DPH7
3,DR1
3,DYNC1LI2
3,EP400
3,DGCR14
3,FIP1L1
3,FLYWCH2
3,GATAD2B
3,GPATCH11
3,GPATCH8
3,GPKOW
3,HMCES
3,ICA1
3,ICE2
3,JMJD1C
3,KIF4A
3,KIN
3,KNTC1
3,MAPRE2
3,MED27
3,MTMR4
3,PAPOLG
3,POLR2A
3,RCAN3
3,RPAP2
3,SF3A3
3,SPAG7
3,SPDL1
3,SRGAP2
3,TPX2
3,USP1
3,WBP4
3,WDHD1
3,WDR59
3,PRPF18
3,WDR70
3,BANP
3,DCUN1D5
3,MBD3
3,CXorf57
3,MAGEA8
3,SP100
3,KRT38
3,CCND2
3,GFI1
3,MAX
3,ZBTB17
3,CXXC1
3,RING1
3,ASXL2
3,ARHGEF12
3,ARHGEF6
3,PAK7
3,GIT1
3,KANSL2
3,MAP2K4
3,MAPKAPK2
3,SUZ12
3,MEIS1
3,PBX1
3,TSC2
3,RSF1
3,CECR2
3,CENPM
3,TADA3
3,DMAP1
3,STAG2
3,HRC
3,CHD2
3,SCG2
3,NSMCE4A
3,MAPK7
3,RPS6KB1
3,ORC1
3,SUFU
3,ITGB7
3,COL2A1
3,COL4A6
3,COL11A2
3,REPS1
3,FTH1
3,STK26
3,IRS1
3,FOXA2
3,USP42
3,EEF2KMT
3,WWTR1
3,TEAD3
3,TCF7L2
3,TTN
3,CACNA1B
3,RASAL3
3,SHC2
3,KCNQ2
3,SHC3
3,DCAF11
3,ERCC5
3,DZIP3
3,KLHL13
3,CDC34
3,TRIM11
3,KIF12
3,TMEM126B
3,RNF138
3,SH3RF1
3,UBE2E3
3,UBE2E2
3,POU2F1
3,PHAX
3,SMAD1
3,SRSF11
3,PACSIN1
3,WASF2
3,CCDC94
3,SLC2A13
3,NOL12
3,NUFIP1
3,MARK4
3,ZFYVE19
3,WNK2
3,DACH1
3,GAN
3,MED8
3,HPRT1
3,CLIC4
3,GABPA
3,CCDC6
3,DHX16
3,WIPF2
3,G6PC3
3,WARS
3,RANBP1
3,C20orf27
3,PDAP1
3,SNW1
3,PRC1
3,TCEAL4
3,ALKBH5
3,AURKA
3,RBM10
3,PCDH11Y
3,PCDH11X
3,NOTCH4
3,GUCY1A2
3,FAM220A
3,KCNH6
3,DNAH3
3,PSD2
3,XIRP1
3,AXIN1
3,DUX4
3,TPH2
3,CACNA1E
3,LMTK3
3,FAM71E2
3,BSN
3,ZFPM1
3,ENAH
3,SLCO6A1
3,MTL5
3,TEX28
3,RPS6KA4
3,CASZ1
3,NPC1L1
3,LTK
3,MEF2D
3,FBXO40
3,SLC45A4
3,SIX5
3,UAP1L1
3,ZNF653
3,SIRT4
3,LBX2
3,MAP2K5
3,DFNB31
3,PLEKHH1
3,HSF1
3,SPATA31D4
3,SPATA31D3
3,HIVEP1
3,DAP3
3,MAPK8IP2
3,CCDC17
3,PRDM7
3,TRIM22
3,RGL3
3,SYBU
3,SHANK3
3,PDZD7
3,ZFAT
3,HSPA12B
3,PRICKLE2
3,PRDM4
3,MYH13
3,SEPT8
3,ETV5
3,ZNF282
3,ZNF322
3,STARD9
3,FRAT1
3,MCM9
3,SLC18A3
3,PTF1A
3,PTGIS
3,KIRREL2
3,LPIN1
3,HIPK1
3,CRAMP1L
3,GPR63
3,CEP41
3,PAN3
3,SORBS3
3,ZNF330
3,SRA1
3,CKS1B
3,LGALSL
3,PPP3CB
3,DBNL
3,C21orf59
3,COPZ1
3,PDLIM3
3,TXNDC9
3,AKT1S1
3,C1orf198
3,EYA3
3,FRG1
3,RPP38
3,ASF1B
3,GTF2E2
3,ZNF362
3,NSMCE2
3,NELFE
3,GPATCH4
3,IRF2BP1
3,VPS72
3,RNF113A
3,C9orf78
3,MNAT1
3,FAM192A
3,RBBP5
3,CETN2
3,CDC40
3,NOSIP
3,PDDC1
3,RBPJ
3,SNRNP40
3,COPS7A
3,NRBF2
3,UBE2T
3,RBM7
3,DNAJC8
3,GATAD2A
3,TAF9B
3,GTF2B
3,GPALPP1
3,GPS2
3,MRFAP1
3,SUB1
3,ZCCHC9
3,ZMAT2
3,SYF2
3,DSN1
3,MAGOHB
3,MEA1
3,GABPB1
3,HDGF
3,BCL10
3,NANP
3,DNTTIP2
3,LYPLAL1
3,NUDT4
3,PPP1R10
3,RAD51AP1
3,HEY1
3,OTUD5
3,RTFDC1
3,CHEK1
3,C18orf25
3,ZNF207
3,SLAIN2
3,C12orf45
3,CWF19L1
3,TRIM33
3,KIAA0907
3,ZNF384
3,ZNF830
3,EIF4EBP1
3,FAM195A
3,ATG4C
3,BPNT1
3,KIAA1143
3,DNAJC17
3,TMSB10
3,CDX2
3,TLE4
3,NUDT3
3,FAM122B
3,IGBP1
3,C2orf49
3,PBK
3,NUDT11
3,RP9
3,ELL
3,TRIM6
3,NTAN1
8,M
8,PMPCB
8,SLC30A9
8,SLC25A21
8,AASS
8,RBM28
8,RPL36
8,PRKAR2A
8,PRKAR2B
8,CDK5RAP2
8,TBK1
8,POR
8,DNAJC11
8,RHOA
8,LMAN2
8,nsp8
8,MPHOSPH10
8,SRP72
8,ATE1
8,SRP19
8,SRP54
8,MRPS25
8,DDX10
8,LARP7
8,MEPCE
8,NGDN
8,EXOSC8
8,NARS2
8,CCDC86
8,SEPSECS
8,EXOSC5
8,EXOSC3
8,HECTD1
8,MRPS2
8,EXOSC2
8,MRPS27
8,PLD3
8,ORF9b
8,CHMP2A
8,TOMM70A
8,MARK3
8,MARK2
8,DCTPP1
8,MARK1
8,PTBP2
8,NDUFB9
8,ABCC10
8,KIAA1147
8,PLEKHG4
8,VPS13A
8,SLC29A3
8,ACSF2
8,HOOK2
8,ATP2A3
8,RNF145
8,ACADS
8,FPGS
8,TMTC4
8,MTFR1L
8,NR2C2
8,PPA2
8,C14orf159
8,SGSM3
8,ORC4
8,MALL
8,MIPEP
8,ATP8B2
8,PRPF39
8,UNC50
8,SPG11
8,MTHFD1L
8,SLC45A1
8,FANCI
8,SLC46A1
8,WDFY3
8,HARS2
8,C6orf120
8,NR5A2
8,ECI1
8,GPR37
8,MROH1
8,PYROXD2
8,RBFOX3
8,ACADSB
8,ELF3
8,PDPR
8,WDR72
8,GUF1
8,COX2
8,C2orf47
8,JAK2
8,AK4
8,FANCG
8,HSPA1A
8,SSBP1
8,FH
8,ATP5B
8,SURF4
8,HERC1
8,MTHFD1
8,SLC4A2
8,DTYMK
8,WWP2
8,STUB1
8,TBCE
8,PSAT1
8,NOTCH2
8,NAPA
8,USP34
8,ATR
8,OAT
8,FKBP8
8,TM9SF3
8,C19orf70
8,TMED7
8,ZMPSTE24
8,PTPMT1
8,GPD2
8,GOLIM4
8,GORASP2
8,NT5C3A
8,TGFBI
8,SERPINE1
8,SRPK2
8,TIMM44
8,YME1L1
8,SNAP47
8,NADK2
8,VPS13B
8,EIF2S1
8,ALAS1
8,ALDH3A2
8,RPL13A
8,POLDIP2
8,ERAL1
8,GLUD1
8,MRPS28
8,NDUFAF4
8,PRMT1
8,HSPA8
8,ARF4
8,ACADVL
8,NDUFS1
8,NDUFV2
8,NDUFV3
8,ATP5A1
8,OXA1L
8,PNPLA8
8,MRPS17
8,C17orf80
8,PRR11
8,SAR1A
8,CCDC47
8,PSMC1
8,RPL7
8,RPL12
8,RPL13
8,DDRGK1
8,UBA52
8,CAD
8,AAAS
8,GFM1
8,RAB11A
8,DPP9
8,DHRS3
8,SEC22B
8,MTRF1
8,NUP155
8,KIAA0391
8,GNPDA1
8,SLC25A15
8,SLC35B1
8,RRAGB
8,GNB2L1
8,SLC9A6
8,RPP30
8,MRPL3
8,FBXO17
8,COX20
8,CLN3
8,NDUFA11
8,COX15
8,SLC25A10
8,DDB1
8,AKR1C2
8,NQO1
8,EEF1A1
8,ALDH1A1
8,ACSL4
8,ALDH3B1
8,HSPA4L
8,FASTKD2
8,SBNO2
8,ABCB7
8,KDM1A
8,WDR43
8,GANAB
8,FBXW11
8,ANGEL1
8,PPWD1
8,TMED3
8,EML2
8,PRKD2
8,KBTBD2
8,GDI2
8,DIMT1
8,CFAP20
8,GSR
8,SLC25A6
8,HADHB
8,HGD
8,NT5C
8,APEX1
8,IMPA2
8,NHLRC2
8,ARHGDIA
8,LLGL2
8,ME1
8,ACLY
8,ISOC1
8,DDX47
8,TMEM14C
8,TM7SF3
8,PFN2
8,PGAM2
8,PKM
8,PLRG1
8,MARCH5
8,TMEM104
8,ELP3
8,PPP2R2A
8,PARL
8,MAP2K3
8,PSMD2
8,CORO1B
8,RPTOR
8,RAP1A
8,RPL15
8,RPL18
8,MCCC2
8,SORD
8,GATSL2
8,UGP2
8,UPP1
8,SLC25A20
8,SLC52A2
8,RNF34
8,PAAF1
8,SLC25A16
8,POLR1B
8,CIRH1A
8,PDXK
8,RSPRY1
8,RCE1
8,TRIM37
8,DRG1
8,NFX1
8,TTC4
8,CDC16
8,SKAP2
8,VPS35
8,TRAK2
8,FKBP4
8,ZGRF1
8,MRPS9
8,MCM8
8,RMDN2
8,CISD1
8,SCYL3
8,RAD21
8,BLZF1
8,RPL10
8,SLC39A11
8,PON2
8,ATAD1
8,UBR3
8,ANAPC7
8,NDNL2
8,ASMTL
8,NPEPPS
8,TTC37
8,SMC4
8,POLR3A
8,AKAP10
8,DDX20
8,COPB1
8,DMWD
8,DYRK1A
8,CBWD5
8,MED13L
8,HERC4
8,GBE1
8,MAN2C1
8,MCM4
8,EIF2AK4
8,MTR
8,PFAS
8,PHB
8,POLR2B
8,RIC8B
8,APPL2
8,PANK4
8,UBA6
8,MTA3
8,CC2D2A
8,RBBP4
8,RRM1
8,TROVE2
8,E2F8
8,VWA9
8,USP11
8,SMC1A
8,PRMT9
8,EFTUD2
8,MED13
8,NPAT
8,POLR2C
8,C11orf30
8,FBXO30
8,ATP6V1F
8,KIF13B
8,TDRKH
8,SPRYD4
8,FAM73A
8,MFF
8,CALCOCO1
8,LYRM7
8,MTFR1
8,FAM171A2
8,GRN
8,FEM1B
8,SLC25A13
8,ECI2
8,MRPS30
8,ALPK2
8,KLHDC7A
8,CRAT
8,CYP24A1
8,ALDH1L2
8,DECR1
8,DLAT
8,DNM1
8,ECH1
8,PLD6
8,ALDH1B1
8,FDXR
8,BCL2L13
8,NAT9
8,FBXL4
8,HIBCH
8,HK1
8,ICT1
8,IDH2
8,MTX3
8,GSTK1
8,LETM1
8,TOMM5
8,MCL1
8,ME2
8,MTIF2
8,MUT
8,OGDH
8,AK3
8,ARMCX3
8,MRPL48
8,MRPS23
8,PDK3
8,COQ3
8,POLG
8,GDAP1
8,POLRMT
8,OCIAD1
8,MARC2
8,RNMTL1
8,EXD2
8,RHOT1
8,DHTKD1
8,FOXRED1
8,MFN1
8,ACN9
8,RARS2
8,VARS2
8,NLN
8,QARS
8,ELAC2
8,TFB2M
8,ATPAF1
8,SPATA20
8,LPIN3
8,NT5DC2
8,FUNDC2
8,SUPV3L1
8,UQCRC2
8,UQCRFS1
8,CARS2
8,MRPL24
8,TEFM
8,TRMT2B
8,HKDC1
8,TRABD
8,PUS1
8,ACAD10
8,AKAP1
8,ARMC10
8,HSDL2
8,NOA1
8,HINT2
8,SUCLG2
8,RHOT2
8,MRPS36
8,TBRG4
8,MRPL19
8,MFN2
8,BAX
8,HSPE1
8,LRRC57
8,ADD2
8,AGAP1
8,AKT2
8,ANKRD26
8,AP1G1
8,AP1S2
8,ARAP2
8,C2CD5
8,CCNY
8,CYP7B1
8,EEPD1
8,ETNK1
8,FAM92A1
8,FNBP1
8,GPRIN3
8,KIAA0754
8,LLGL1
8,LRRTM4
8,MAP4K3
8,MTHFR
8,MTMR10
8,PARD6B
8,PIK3CB
8,PIPSL
8,PRR5
8,PSD3
8,PTPN3
8,RAP1B
8,SBF1
8,C9orf84
8,SIRPA
8,STK11
8,STXBP6
8,TC2N
8,TDRP
8,TIAM1
8,USP46
8,VPS13D
8,TNRC6B
8,RUVBL2
8,ANAPC16
8,DGKH
8,ENDOG
8,HELZ
8,RBM42
8,TMA7
8,TPI1
8,HERC5
8,FAU
8,H1F0
8,MRPL20
8,PALD1
8,PDCL
8,HIST1H1C
8,WBSCR16
8,ZNF771
8,HIST2H2AC
8,HMGB3
8,PPM1G
8,PSMG2
8,ABL2
8,RPL26L1
8,LIN54
8,MB21D2
8,DNM1L
8,C11orf98
8,RPS13
8,ARMCX2
8,ISG20
8,MSRB3
8,PCMTD2
8,PPM1A
8,ANKS6
8,ACP1
8,RMDN3
8,GNAI2
8,H2AFX
8,H2AFY2
8,MCTS1
8,NUDT19
8,PHIP
8,PIN1
8,SLC25A46
8,SMCR8
8,TBC1D19
8,PSMD7
8,MYL4
8,KCNT2
8,CYP2J2
8,FLT4
8,TUBA1B
8,SKP1
8,ACTG1
8,RNF187
8,DHX33
8,DEPDC7
8,TAS2R39
8,DHFR
8,FCHSD2
8,TPD52L1
8,PPFIBP2
8,ASAP3
8,KIF13A
8,ARHGAP32
8,CREG1
8,AP1S1
8,DNAJB5
8,GCN1L1
8,CSE1L
8,TBC1D15
8,FASN
8,EXOSC9
8,PELP1
8,EXOSC1
8,OXSR1
8,IKBKG
8,TP53
8,TPM3
8,KRT19
8,ACTB
8,SEC61A2
8,ACTR3
8,KRT18
8,TOP1
8,MYH9
8,ACTC1
8,DSP
8,SARS2
8,EEF2
8,CTBP1
8,CMC2
8,CYFIP2
8,RAD54L2
8,PRPS1
8,PNO1
8,EEF1E1
8,GAR1
8,FAM195B
8,GMPS
8,KRT1
8,APRT
8,FLNC
8,EXOSC4
8,EXOSC10
8,RN7SL1
8,HIST1H1E
8,USP22
8,HIST2H3PS2
8,COX6A1
8,HIST1H2AG
8,HIST1H2AK
8,HIST1H2AL
8,HIST1H3H
8,HIST1H4B
8,HIST1H4C
8,HOXC10
8,BOK
8,USP29
8,TRIM28
8,PSMC5
8,MRPL9
8,PLCB4
8,RGS12
8,MLPH
8,PLEKHA6
8,KIAA1522
8,CNKSR3
8,PLEKHN1
8,DGKD
8,STK10
8,USP31
8,TANC2
8,EHBP1
8,GIT2
8,ATP11A
8,RALGAPA2
8,STXBP5
8,NCOA7
8,ADRA1B
8,AFAP1L2
8,CDC42EP2
8,NHSL2
8,PLSCR4
8,YIPF1
8,PPP1R16A
8,SHANK2
8,MAGI3
8,BCAS1
8,PTGFRN
8,PLEKHO2
8,INPP5A
8,GPRIN2
8,TPD52
8,FGD6
8,UACA
8,EPS8
8,THBD
8,RFFL
8,GNA11
8,C10orf32
8,CLCN3
8,ALG2
8,CMTM6
8,EVA1B
8,TMBIM1
8,PLCXD1
8,TNNI3
8,ASB1
8,CASQ2
8,MYL2
8,COMTD1
8,SNX8
8,RFC3
8,HBS1L
8,NELFA
8,FAM96A
8,NDUFB4
8,BAD
8,MACROD1
8,MLKL
8,MICU1
8,FECH
8,MICU2
8,MRPS16
8,CSNK2A1
8,CPSF7
8,MRPL4
8,AMACR
8,NME2
8,SLC25A24
8,PPP2R1B
8,GPD1L
8,IRS4
8,CORO7
8,TOMM34
8,YEATS2
8,DCP1B
8,CCZ1B
8,MLF1
8,LOH12CR1
8,C11orf74
8,PPP3R1
8,NCL
8,HAT1
8,NUTM1
8,TERF1
8,SP6
8,LCA5
8,CDCA4
8,TRIM51
8,HIST1H4A
8,NOL3
8,NOL11
8,RIPK2
8,TRIP12
8,NIFK
8,VASP
8,RFC5
8,HIST3H3
8,H3F3A
8,KCMF1
8,WDR36
8,SF3B5
8,HIST2H3A
8,HIST3H2BB
8,HIST1H2BM
8,H2AFV
8,HIST1H2AD
8,TUBA1A
8,EEF1A1P5
8,KPNA6
8,KPNA1
8,MAPK14
8,DNAH2
8,PLK5
8,SEMA6C
8,PKN1
8,RYR1
8,KIAA1467
8,NOS1AP
8,CDC6
8,LZTR1
8,SDK2
8,PXN
8,DOT1L
8,FAM84B
8,BCORL1
8,ZNF552
8,CENPJ
8,CAMK2G
8,NEK2
8,RNF126
8,HLA-DRA
8,ORF1a
8,PLXNB1
8,HSD17B8
8,LSM10
8,SVIP
8,ARL5B
8,ELMOD3
8,AMPH
8,RALGPS2
8,ANTXR2
8,ATP10D
8,DENND1B
8,LPHN1
8,RLIM
8,MBP
0,ACADM
0,FASTKD5
0,INTS4
0,AKAP8L
0,UPF1
0,nsp12
0,SBNO1
0,BCKDK
0,AKAP8
0,SLU7
0,TYSND1
0,PDZD11
0,PRRC2B
0,ZNF318
0,CRTC3
0,TCF12
0,PPIL3
0,PLEKHA5
0,TBKBP1
0,GOLGA3
0,GOLGA2
0,CEP350
0,GCC2
0,AKAP9
0,FKBP15
0,GIGYF2
0,NUP210
0,nsp7
0,AGPS
0,CYB5B
0,ACSL3
0,CYB5R3
0,RALA
0,COMT
0,RAB5C
0,RAB14
0,RAB1A
0,GNB1
0,GNG5
0,MOGS
0,MARC1
0,QSOX2
0,HS2ST1
0,NDUFAF2
0,SCCPDH
0,SCARB1
0,NAT14
0,DCAKD
0,FAM162A
0,DNAJC19
0,VIMP
0,PTGES2
0,RAB18
0,NUP54
0,NUP88
0,NUPL1
0,TCEB2
0,NUP98
0,DNMT1
0,PUSL1
0,SLC9A3R1
0,BAG5
0,ACAD9
0,RBM5
0,ATP6V1B1
0,KIAA0355
0,P3H4
0,TTC27
0,TOR1AIP2
0,SLC25A2
0,CTSB
0,PEX6
0,PRKDC
0,nsp16
0,NEMF
0,MUC13
0,HLA-C
0,EMC2
0,EMC8
0,DHCR24
0,CA12
0,ROR1
0,RABGAP1L
0,GNA13
0,PPP2R4
0,TNIP1
0,HSP90AB4P
0,VPS18
0,VPS41
0,RAB3D
0,NCOA4
0,NAA10
0,PRKCSH
0,NPLOC4
0,PRPS2
0,SNX1
0,STX12
0,VPS16
0,NF1
0,DYNC2H1
0,COG3
0,TTI1
0,INTS2
0,SYMPK
0,TMX1
0,GOSR1
0,RDH14
0,SEC61B
0,TAB1
0,IFIH1
0,TICAM1
0,TMEM173
0,VAPA
0,SPTLC1
0,ACOT2
0,COX5B
0,CPS1
0,TMTC3
0,DARS
0,SACM1L
0,ACOT9
0,GLS
0,HSPA6
0,HSPD1
0,APP
0,MDH2
0,MGST3
0,ATP2A2
0,NSDHL
0,ATP5C1
0,RDH11
0,CDK5RAP1
0,WWOX
0,DNAJB12
0,TRMT10C
0,SNX14
0,PTPN1
0,SRPRB
0,RPN1
0,MRPS24
0,SREBF1
0,VDAC3
0,MRPL45
0,GTPBP10
0,PNPT1
0,SUCLA2
0,RPL23
0,TXNL1
0,TECR
0,CDC42
0,VAT1
0,PTGES3
0,SFXN4
0,TRAPPC8
0,RAB3GAP1
0,CLUH
0,ANAPC4
0,HADH
0,DNAJA1
0,HSPA4
0,JAK1
0,MCM3
0,MID1
0,WRAP73
0,TIMMDC1
0,SPG21
0,PFKL
0,PFKM
0,SLC25A3
0,BOLA2
0,UGGT1
0,RPL38
0,RPS27A
0,SLC25A1
0,HSP90B1
0,NUP37
0,TRIM56
0,FAR1
0,IKBKAP
0,CPNE1
0,AIFM1
0,ECD
0,RUNDC1
0,ZCCHC11
0,DICER1
0,C17orf104
0,POLE
0,VAC14
0,EIF4ENIF1
0,TTC31
0,IFT74
0,RNF10
0,DMXL1
0,SSX2IP
0,SOGA1
0,CEP72
0,SIPA1L2
0,BRAP
0,OFD1
0,PHLDB2
0,CCP110
0,SACS
0,IPO8
0,IFFO2
0,SPICE1
0,DAB2IP
0,DAPK3
0,DHX8
0,CNKSR2
0,RALGAPA1
0,INTS7
0,C2CD3
0,USP25
0,APC
0,NFKB1
0,LAP3
0,UBR5
0,SNX7
0,PFDN5
0,CPSF2
0,MICAL3
0,CCDC14
0,NOL6
0,NRIP1
0,CEP89
0,RAB12
0,SENP1
0,SSR1
0,AP2S1
0,CHAF1B
0,CDK9
0,ZNF460
0,ZFP1
0,DNM2
0,FAM208A
0,ICE1
0,RTTN
0,APAF1
0,KIFC1
0,ANAPC5
0,VPS54
0,PPM1B
0,HJURP
0,TTC7A
0,WDR35
0,CDK13
0,NCAPD2
0,ZNF507
0,PSMC4
0,SKIV2L
0,BRCA2
0,UBA1
0,CAPN2
0,PASK
0,PDE8A
0,CASC5
0,CGN
0,ZFC3H1
0,SPEN
0,SMCHD1
0,ZNF317
0,RPL4
0,NSD1
0,EFR3A
0,KIAA0430
0,HAUS1
0,COG4
0,CCDC22
0,PEX19
0,CENPH
0,XPO1
0,IFT20
0,USP14
0,MGME1
0,AQR
0,EPS15
0,PGAP1
0,PCYOX1
0,CYB5R1
0,IP6K1
0,PRDX4
0,LGALS3BP
0,ISCU
0,KARS
0,NDUFA6
0,MRPS22
0,SDHB
0,C1QBP
0,USP30
0,TOMM20
0,ADPRHL2
0,SEC16A
0,UFL1
0,AKAP11
0,ARHGAP21
0,BBS7
0,CABLES1
0,CASK
0,CASKIN2
0,CCDC88A
0,CDK5
0,CLMN
0,CTNND1
0,DENND4C
0,EFR3B
0,ERBB2IP
0,FIBP
0,MAPKAP1
0,NISCH
0,NUP107
0,NUP133
0,PALM2
0,PI4KA
0,PLEKHA7
0,PPP1R16B
0,HRSP12
0,SNTB2
0,SPTBN2
0,TENM3
0,VPS51
0,CFAP97
0,DHX29
0,DIAPH3
0,ERCC6L
0,GPATCH1
0,IFIT2
0,MEX3A
0,NELFCD
0,POP7
0,SMG7
0,STAU1
0,TTC12
0,XRN1
0,CCT5
0,CCT6A
0,EIF3M
0,AGO2
0,ALDH9A1
0,ALMS1
0,ANAPC1
0,ANAPC13
0,ARMC6
0,BCR
0,BIRC6
0,CCDC85C
0,CCDC92
0,CCT2
0,CDC23
0,CDC27
0,CEP63
0,CEP85
0,CEP97
0,CNOT1
0,CNOT10
0,CNTROB
0,COMMD4
0,CPSF3
0,CSPP1
0,CYLD
0,DDX11
0,DHPS
0,DHRS4
0,DNMBP
0,DPH1
0,SDCCAG3
0,EXOC4
0,FANCA
0,FBXO45
0,GIGYF1
0,GLMN
0,GPSM1
0,HAUS4
0,HAUS5
0,HAUS8
0,HSP90AB2P
0,IFT81
0,INPPL1
0,KLHL26
0,LAMTOR5
0,MAD2L2
0,MAP3K7
0,MPHOSPH9
0,MZT2B
0,N4BP2
0,NCKAP5L
0,NEK7
0,NPHP1
0,NUDC
0,NUDCD2
0,NUDCD3
0,C10orf88
0,PAN2
0,PATL1
0,PCM1
0,PDCL3
0,PEAK1
0,PFDN2
0,PIH1D1
0,PIK3C2A
0,PLEKHG1
0,POLR2E
0,POLR2L
0,PPID
0,PPP1R13B
0,RNF214
0,RPAP3
0,SASS6
0,SH2B2
0,SHKBP1
0,SLAIN1
0,SNX5
0,SPAG1
0,SPATA2
0,SPATA24
0,STXBP4
0,TEX9
0,TNRC6A
0,TP53BP2
0,TRAF3IP1
0,TROAP
0,TTC28
0,TTC3
0,UBXN6
0,UNC45A
0,URI1
0,UXT
0,VPS29
0,VPS37A
0,CCDC132
0,C2orf44
0,WDR92
0,WDTC1
0,WIPI1
0,CSNK1E
0,RPS18
0,CEP152
0,CNOT2
0,DCP1A
0,PIK3AP1
0,PPP2R3A
0,TAF7
0,VCPIP1
0,C1orf86
0,TYMS
0,UBAP1
0,AHR
0,AMOT
0,ANKRD52
0,ARHGAP23
0,ATG2B
0,BCOR
0,BEND3
0,GLTSCR1
0,C5orf22
0,CCDC77
0,CCDC93
0,CCSER2
0,CLIC1
0,CRTC1
0,DLG5
0,DNA2
0,DOCK7
0,DTX3L
0,EXOC2
0,FAM160A1
0,FBRS
0,FHOD1
0,GFOD1
0,HEATR6
0,HECA
0,SSFA2
0,KANK2
0,KIF3A
0,KIF3B
0,KIF5C
0,KLC4
0,LRCH1
0,LRCH2
0,LZTS2
0,MAPK9
0,MED23
0,NDC80
0,NEK1
0,NYNRIN
0,OSBPL6
0,INADL
0,PCGF1
0,PLEKHM3
0,PPP1R12C
0,PPP1R13L
0,PRR12
0,PSME3
0,RALGAPB
0,RFX1
0,RPP25L
0,SALL1
0,SMG1
0,SNTB1
0,STIL
0,SYDE1
0,TFEB
0,TSC22D4
0,USP28
0,VPS33A
0,WASH3P
0,FAM21A
0,WRN
0,ZADH2
0,ZCCHC2
0,ZNF536
0,ZNF655
0,ZNF746
0,SSSCA1
0,BUB1B
0,SCAPER
0,SH3BP5L
0,STAT5B
0,TFE3
0,FAM21C
0,ZBED1
0,CAMSAP3
0,MAP7D3
0,TRIM2
0,TRIM3
0,ZNF598
0,EXOC5
0,GNL3L
0,KIF16B
0,TSC1
0,DERA
0,BOD1
0,MTMR3
0,AAGAB
0,AHNAK2
0,AKAP17A
0,AKAP3
0,AP5Z1
0,ARNT
0,BAP1
0,BUB1
0,C15orf39
0,CAMKK2
0,CCAR2
0,CDC25C
0,CDC73
0,FOPNL
0,COMMD3
0,CRYBG3
0,CSAD
0,DENND4A
0,DHX35
0,DPY30
0,EDRF1
0,ETFB
0,FGD1
0,GAK
0,HIGD1A
0,KIF20A
0,KLHL15
0,L3MBTL2
0,LIN9
0,LRIF1
0,NCAPH
0,NCOA3
0,NCOR2
0,NIF3L1
0,NME5
0,OGT
0,PDE9A
0,PLEKHG3
0,PNN
0,RAD54B
0,RPRD1B
0,RPRD2
0,SALL2
0,SF3B2
0,SF3B4
0,SOWAHC
0,SPAG5
0,TELO2
0,TIPIN
0,TOMM7
0,UBA2
0,UCHL5
0,WAC
0,WNK3
0,ZNF776
0,ZWINT
0,ZYG11A
0,ACACA
0,CCT3
0,CCT7
0,ATAD3A
0,FAM96B
0,PGP
0,NOMO1
0,RAB3IP
0,COMMD1
0,COMMD2
0,COMMD6
0,COMMD8
0,VPS52
0,BAG6
0,CLPB
0,CLTA
0,COMMD5
0,COMMD9
0,ESD
0,FDFT1
0,GLRX3
0,PPFIBP1
0,RAB23
0,DSCR3
0,PEX1
0,JRK
0,HERC2
0,SEMA4F
0,UBE3A
0,STK4
0,STK3
0,LRRC41
0,CEP85L
0,SNRNP48
0,CEP128
0,C16orf62
0,LRCH3
0,RNPC3
0,SAV1
0,L1RE1
0,COMMD10
0,IARS2
0,EPRS
0,PYCR2
0,AHNAK
0,THOC6
0,DVL2
0,EIF4G3
0,TNKS1BP1
0,CNOT3
0,BICD2
0,DVL3
0,DVL1
0,THOC1
0,HSPA1L
0,PLCH1
0,TTLL4
0,DDX12P
0,OR2AE1
0,PABPC3
0,RNF219
0,ATP5O
0,EXOC6
0,MTCH2
0,EIF2B1
0,ACTN2
0,CKB
0,SPTBN1
0,DPM1
0,LMO7
0,NDUFA7
0,NDUFA8
0,POTEF
0,SRSF1
0,TMOD3
0,AIF1L
0,SPTB
0,ABLIM1
0,PARP1
0,SRSF5
0,DVL1P1
0,CDK1
0,GSPT1
0,PCBP3
0,CDK2
0,PDCD6
0,GNB3
0,HS1BP3
0,HIST2H2AB
0,SREK1
0,RFC4
0,CORO1C
0,LNX2
0,YY1
0,TRIM21
0,RNU1-1
0,RNU2-1
0,H3F3B
0,ZIC2
0,TUBB4B
0,ID4
0,IER5
0,SDE2
0,WDR82
0,CYC1
0,PSMD14
0,PPP6C
0,PFKFB3
0,CHCHD3
0,WDR61
0,MRPL46
0,MAP4K4
0,MMS19
0,TTPAL
0,GEMIN2
0,AIDA
0,IFI35
0,PRKCDBP
0,UBE2V2
0,FRMD8
0,ACTL6A
0,C12orf75
0,PDCD2L
0,FLAD1
0,DPM3
0,ZNF609
0,F13A1
0,SFXN2
0,ATIC
0,TCF3
0,STRN3
0,PUM2
0,CCHCR1
0,PRPSAP1
0,ANKRD54
0,CCT4
0,CKAP2
0,NECAP2
0,SPC25
0,DYNC1LI1
0,GAPVD1
0,SETDB1
0,ARPP19
0,MAML1
0,RSRC2
0,SCAF8
0,AFAP1L1
0,ARID3B
0,C1D
0,CDT1
0,CEP290
0,CEP295
0,CHD7
0,COPS8
0,FKBP5
0,FRMD4B
0,GTF3C5
0,IQCG
0,KLHL9
0,MCC
0,MECOM
0,MPDZ
0,NEBL
0,NES
0,NR2C1
0,NUB1
0,PEF1
0,PKN3
0,PROSC
0,POC5
0,PRKRIP1
0,PROSER3
0,RBM33
0,RGPD8
0,RREB1
0,SNRNP35
0,TBC1D31
0,TGS1
0,THYN1
0,YLPM1
0,ZNF687
0,ZNF792
0,TNS3
0,WRNIP1
0,RDH13
0,THAP9
0,METTL3
0,METTL14
0,WTAP
0,MORF4L1
0,ARRDC3
0,CATSPER2
0,CLUHP3
0,DDIT4L
0,KRTAP4-12
0,LMX1A
0,NPIPB5
0,PAX7
0,POLM
0,PYGO2
0,SERPINB9
0,ZNF19
0,ZNF572
0,GOLGA6L9
0,TTC23L
0,ACOT11
0,ANKRD36B
0,ASB12
0,ASZ1
0,CARD9
0,CCNDBP1
0,DAAM2
0,HOMEZ
0,IKZF3
0,KRT13
0,KRT27
0,KRT31
0,KRT32
0,KRT39
0,KRT80
0,LCN15
0,MIF4GD
0,NDUFB7
0,PARVG
0,PNMA1
0,PPARA
0,SMEK1
0,PRPH
0,PYGM
0,RAB3IL1
0,RASSF10
0,SERTAD1
0,SESTD1
0,SNF8
0,SYCE1
0,TEKT4
0,TRIM54
0,TTC23
0,ZRANB1
0,KIAA1279
0,FERMT3
0,AKR1B10
0,OTX2
0,INCA1
0,FHL2
0,CCND1
0,GNB2
0,RAB3A
0,SIPA1
0,PPP1R18
0,PDLIM2
0,LAD1
0,DAP
0,ACACB
0,RBM25
0,PRPSAP2
0,COPE
0,ICA1L
0,DYRK1B
0,ECHDC1
0,RNASEH2A
0,HSCB
0,NFS1
0,OTUB1
0,TST
0,MEMO1
0,DECR2
0,SLC25A22
0,GCLM
0,CNOT8
0,TRMT61A
0,MMACHC
0,PSMG1
0,GOLPH3
0,UCK1
0,KCTD12
0,VTA1
0,CDCA8
0,FAHD2A
0,COQ5
0,MARCH7
5,SLC30A7
5,TUBGCP3
5,RRP9
5,nsp1
5,POLA1
5,PRIM1
5,PRIM2
5,POLA2
5,COLGALT1
5,PKP2
5,LARP4B
5,ATP6AP1
5,ORF6
5,MTCH1
5,CS
5,TMEM57
5,ACAT1
5,MCM3AP
5,DNAJB2
5,HSPA9
5,PISD
5,TIMELESS
5,UBIAD1
5,RHBDD3
5,COPG2
5,RAB32
5,COG2
5,TMEM159
5,SLC33A1
5,TRIM47
5,CLU
5,DSC3
5,PPA1
5,NDFIP1
5,BLVRA
5,NUP93
5,ELMO2
5,SRPR
5,PNPLA2
5,PLIN2
5,PRAF2
5,SQLE
5,ABHD16A
5,CKAP4
5,ST7
5,SRPK1
5,ERGIC3
5,SLC3A2
5,TRAP1
5,ABCC4
5,SEC24A
5,PRDX3
5,RER1
5,CHP1
5,NUP35
5,DHCR7
5,ALDOA
5,SYNE2
5,ESYT1
5,AMFR
5,GLG1
5,ITPR2
5,ITPR3
5,PCNXL3
5,NME4
5,RPS27L
5,MKS1
5,RCC2
5,RIC1
5,CYP4F11
5,SLC1A5
5,DDX39B
5,EIF2AK3
5,SEC23B
5,ARPC1A
5,POP1
5,EIF2S3
5,EIF4A1
5,NUP160
5,SEC61A1
5,HSD17B10
5,APLP2
5,UBAC2
5,LDHA
5,MYO5A
5,RPL10A
5,NOP2
5,PA2G4
5,WDR44
5,HEATR1
5,NAT10
5,C19orf10
5,RAN
5,ABCE1
5,RPL6
5,RPL11
5,RPS7
5,RPS23
5,SEC13
5,ST13
5,YWHAZ
5,SLC35E1
5,EIF3B
5,RAB11B
5,SEC24C
5,IQCE
5,FMR1
5,EIF2AK2
5,SECISBP2
5,DDX60L
5,KPRP
5,PRSS1
5,RPS10
5,RPS12
5,EIF3A
5,CEP131
5,FAM83H
5,ITPR1
5,GORAB
5,NSUN2
5,LAS1L
5,CEBPZ
5,FTSJ3
5,DKC1
5,GTPBP4
5,PRPF6
5,DDX27
5,TSR1
5,UBTF
5,BMP2K
5,PCDHB13
5,FAM91A1
5,NXF1
5,DAB2
5,CLEC16A
5,LDLRAP1
5,KIF11
5,KPNB1
5,ITSN2
5,DDX19A
5,ODF2L
5,DENND1A
5,ABCD3
5,NAA25
5,HIP1R
5,SEC24D
5,VMA21
5,CDH2
5,CRTAP
5,SEMA3C
5,MAN2B1
5,P4HA1
5,PRCP
5,CACNA2D1
5,CALR
5,TSFM
5,PDE12
5,GOT2
5,OPA1
5,PYCR1
5,MYO19
5,ANP32A
5,DDX54
5,DGAT1
5,EMC6
5,ISCA1
5,MAD2L1
5,SYAP1
5,USP7
5,C1orf21
5,CCDC8
5,EFCAB3
5,FARP1
5,KCNQ5
5,PHACTR4
5,SH3GL3
5,TTC7B
5,UBE4A
5,CCT8
5,DPCD
5,EIF3C
5,EIF3F
5,EIF3H
5,EIF3I
5,EIF3K
5,HABP4
5,MKRN2
5,SLC4A1AP
5,TANC1
5,ZNF451
5,KIAA1671
5,UBE2S
5,GLUL
5,CTNNB1
5,EFHD1
5,KIF14
5,FBXL20
5,NUP153
5,RABAC1
5,RABL6
5,RPL7L1
5,ZDHHC17
5,DDX51
5,RPS19
5,CLNS1A
5,ANKRD13A
5,C17orf59
5,CENPK
5,PDXP
5,NUP205
5,CCDC124
5,AHCY
5,AK2
5,TMEM263
5,COMMD7
5,EXOC1
5,EMC9
5,INF2
5,ISCA2
5,MIF
5,NME1
5,NOB1
5,NUP85
5,NXT1
5,PGK1
5,SLC1A3
5,TRA2A
5,NOP58
5,MARS
5,CFL1
5,MVK
5,FAM114A2
5,RUFY1
5,ABT1
5,TUBGCP4
5,PEBP1
5,DDX60
5,NDE1
5,SIKE1
5,PCYT1B
5,RUFY3
5,NDEL1
5,RFWD3
5,IFRD1
5,EIF1AX
5,AHSG
5,XRCC6
5,SIPA1L1
5,SIPA1L3
5,KRT8
5,GNAO1
5,KRT9
5,MAGOH
5,TWF1
5,MPRIP
5,PPP1R9B
5,RACGAP1
5,PARK7
5,ACTN4
5,HIST4H4
5,SPTAN1
5,HSPH1
5,NACA
5,KPNA5
5,DHX15
5,LANCL1
5,KHDRBS3
5,SSB
5,TMOD1
5,CAPZA1
5,SUCLG1
5,RPS15A
5,ETF1
5,RPS21
5,HIST1H3A
5,NCBP1
5,RBM39
5,PLEC
5,FAHD1
5,PHF5A
5,SYNE1
5,SH3BGRL3
5,BCCIP
5,YARS2
5,NOC2L
5,PDCD5
5,HSP90AA1
5,PRDX2
5,MTX2
5,TARS
5,PRDX6
5,TUBAL3
5,LYAR
5,KHSRP
5,SMN1
5,RNA18S5
5,MAT2A
5,SF3B3
5,SRRM2
5,ATAD3B
5,ZBTB24
5,RANGAP1
5,TRAT1
5,TAB3
5,SPIN1
5,SNRPF
5,SNRPA1
5,SMA5
5,SF3B6
5,RPS29
5,RANBP2
5,PSMA7
5,FOLH1
5,PRDX1
5,PEX3
5,PCGF6
5,NOM1
5,IVNS1ABP
5,GEMIN6
5,GEMIN4
5,FLNA
5,FBXW5
5,FAM3A
5,EIF5
5,EIF2B3
5,CEP83
5,GSTP1
5,PMVK
5,RPF1
5,INTS6
5,UEVLD
5,APTX
5,ACSM3
5,MRPS14
5,CENPB
5,TSPYL1
5,ERI3
5,GTPBP8
5,UROD
5,SMARCD2
5,PLGRKT
5,KCTD17
5,AGL
5,KLHL28
5,TEX11
5,TRIM29
5,NFKBIE
5,CALM3
5,CACNA1A
5,VIL1
5,LOC113230
5,KIAA1211
5,TKT
5,NAP1L1
5,NASP
5,MTA2
5,DNAH7
5,AKNA
5,FOXR1
5,IQSEC1
5,TBC1D8B
5,ZFP90
5,ZNF529
5,DNAH11
5,KIF26A
5,KLHDC10
5,SAMSN1
5,MAST1
5,MAGEE1
5,UNKL
5,KMT2E
5,KMT2C
5,PERM1
5,FEZF1
5,ANKZF1
5,ATXN7
5,PHF21B
5,FDX1L
5,HOXD13
5,HOXC13
5,HOXA13
5,ZNF878
5,MRGPRG
5,INPP5B
5,PPP3CA
5,GDI1
5,MARS2
5,GSTM3
5,FAM47E-STBD1
5,FER
5,U2AF1
5,SF3A1
5,PTMA
5,ZNFX1
5,GARS
5,CPSF4
5,RBM17
5,POLR3D
5,PCF11
5,SNRPC
5,CMTR1
5,YBX2
5,LSMEM1
5,DGAT2
5,TRF-GAA1-5
5,DCAF5
5,WDR26
5,WDR83
2,TARS2
2,GOLGA7
2,nsp10
2,AP2A2
2,GFER
2,ERGIC1
2,AP2M1
2,GRPEL1
2,RBM41
2,TLE1
2,GRIPAP1
2,IMPDH2
2,RAB8A
2,RAB2A
2,ORF3a
2,VPS39
2,VPS11
2,PRPF40A
2,TRIM7
2,NCAPH2
2,NDUFS2
2,NDUFS8
2,NDUFA10
2,ADPGK
2,EFHD2
2,CHPT1
2,ADCY6
2,ATP8B1
2,RHEB
2,ACVR2A
2,PROCR
2,CD99L2
2,LDLR
2,SLC4A10
2,BMPR1A
2,PMEPA1
2,SHC1
2,HPCAL1
2,SELK
2,MGLL
2,GSK3A
2,NRSN2
2,TSKU
2,SLC4A4
2,FLRT3
2,DDT
2,LTBR
2,KIAA0930
2,MICA
2,LMCD1
2,UGCG
2,PPIC
2,PLP2
2,ZNRF3
2,GNAQ
2,DLGAP4
2,PTPRF
2,LRP11
2,CDH16
2,CD38
2,ZDHHC20
2,PTPRA
2,TGFBR2
2,LRFN4
2,TNFRSF1A
2,C16orf45
2,PCDHGC3
2,SLC16A6
2,KIAA0319
2,UBL3
2,AKR7A2
2,TREX1
2,IL6ST
2,IL13RA1
2,OPN3
2,DAK
2,TRIM16
2,TPBG
2,TMEM30B
2,GAL3ST1
2,PLXND1
2,CDH17
2,LRRN2
2,MMP15
2,TMEM206
2,PHPT1
2,RNF130
2,ZDHHC9
2,FXYD2
2,STEAP2
2,HLA-G
2,BROX
2,MFAP3L
2,TBCB
2,NAPG
2,RAB5A
2,AHCYL1
2,IFITM1
2,EPHB3
2,GABARAPL2
2,SRXN1
2,STEAP1B
2,PTPRM
2,TNFRSF10D
2,TNFSF9
2,PTPN11
2,IL10RB
2,CMIP
2,FKBP1A
2,TMEM55A
2,RAB9A
2,LGALS3
2,IDH1
2,TNFRSF10A
2,HMGCS2
2,GCLC
2,EPCAM
2,RNPEP
2,WWP1
2,FGFR1
2,DDR1
2,PTPRS
2,SULT1A3
2,IPO11
2,XPOT
2,XPO5
2,RANBP6
2,B4GALT7
2,TMEM248
2,GINM1
2,SORT1
2,DIS3
2,TMEM192
2,TMEM56
2,CUX1
2,ERLIN2
2,MAZ
2,TFRC
2,EGFR
2,CLPX
2,DLD
2,NDUFA9
2,ATP1A1
2,PDHA1
2,RPN2
2,DNAJC7
2,MBOAT7
2,ABCB6
2,DDX39A
2,CARM1
2,CNP
2,FLOT2
2,LDHB
2,NMD3
2,FERMT1
2,WDR11
2,PSAP
2,RAB6A
2,RECQL
2,RPS16
2,DYNLL1
2,CLASRP
2,PHGDH
2,PPHLN1
2,ATRX
2,ARID1B
2,IRF2BPL
2,SAP130
2,ASRGL1
2,ARID1A
2,FNIP1
2,SPECC1L
2,MARCKSL1
2,RHOG
2,AP2A1
2,MCM7
2,CLSPN
2,NKRF
2,PRPF4B
2,LRP4
2,C1orf106
2,TBC1D24
2,SERPINB12
2,PIKFYVE
2,GLE1
2,MTFR2
2,LACTB
2,SAMM50
2,IDH3B
2,NDUFS3
2,ALDH7A1
2,ALDH18A1
2,PPP1R9A
2,TBC1D10A
2,COG6
2,PACSIN3
2,PCDH19
2,AKAP12
2,ANKH
2,AP2B1
2,ARVCF
2,CDK16
2,EFNB3
2,EPB41L1
2,EPB41L2
2,EPHB4
2,FAM171B
2,FCHO2
2,FERMT2
2,FRS2
2,GAB1
2,LIN7C
2,MLF2
2,FAM129B
2,PALM
2,PIP5K1C
2,PLEKHA1
2,RASAL2
2,ROBO2
2,TMEM51
2,KIAA0195
2,TULP3
2,UNC5B
2,USP6NL
2,WDR48
2,ELP4
2,AASDH
2,AZI2
2,BBS2
2,DIAPH2
2,GSE1
2,HIRA
2,KANSL3
2,KDELR2
2,LIMA1
2,LSM4
2,MAP2K7
2,MLLT6
2,MORC3
2,PHC2
2,PSMA3
2,FAM101B
2,THAP11
2,THOC5
2,TSHZ3
2,ZMYM1
2,ZNF217
2,DIABLO
2,PPP1R12A
2,MAST4
2,MIB2
2,NDUFV1
2,SRP9
2,TOLLIP
2,POLD1
2,NDUFA5
2,ATP13A2
2,BRK1
2,C7orf43
2,MGAT1
2,MKLN1
2,NLGN2
2,RPS6KC1
2,SNX30
2,STON2
2,STXBP1
2,TBC1D12
2,TRAPPC10
2,TRAPPC2
2,TRAPPC2L
2,TRAPPC4
2,TRAPPC6B
2,VPS8
2,CSNK1A1
2,GK
2,ARPC2
2,INSR
2,PPAP2B
2,SMARCB1
2,SIK3
2,PPIH
2,TTC19
2,ZZEF1
2,HECTD3
2,PLEKHH2
2,SUOX
2,ACP6
2,FBLN1
2,GSTCD
2,RGS19
2,MED29
2,PRPS1L1
2,RCL1
2,TUBGCP6
2,TUBGCP5
2,RASEF
2,TUBG2
2,SYT1
2,DEK
2,TUBA3E
2,IPCEF1
2,ABCB11
2,PTPRD
2,CCDC109B
2,MAN1A1
2,HS6ST3
2,KIT
2,TXNDC11
2,ALDOB
2,TXNDC16
2,AASDHPPT
2,GALK1
2,CAND1
2,CDK4
2,PELO
2,HK3
2,TES
2,GSPT2
2,TK1
2,ZYX
2,TRIP6
2,OSGEP
2,ZC3H15
2,MSH6
2,MID2
2,MYO18A
2,SKIV2L2
2,MYO1D
2,RPSA
2,CALM2
2,NBN
2,SVIL
2,NTPCR
2,IPO5
2,NDUFA4
2,ARPC3
2,CD59
2,UQCRB
2,ATP5J2
2,NDUFA13
2,DNAJA2
2,HIST1H2BK
2,TRA2B
2,MRPL14
2,POTEJ
2,DBN1
2,AHSA1
2,RBM11
2,NCOA5
2,NCBP2
2,MRPL10
2,CAPZB
2,SAP18
2,TUBB4A
2,MYL6B
2,USP4
2,HIST2H3C
2,CCDC168
2,SYT4
2,NKIRAS2
2,PDZD3
2,PARD3B
2,FRMPD4
2,PDZK1
2,PRKAR1A
2,IFITM2
2,GNAI1
2,GPNMB
2,ZDHHC2
2,DNER
2,PLEKHB2
2,GOLGA7B
2,SLAMF7
2,MICB
2,SLC6A17
2,NMRAL1
2,LGMN
2,CLDN23
2,DDAH1
2,DDAH2
2,CLCN5
2,NPDC1
2,ABHD17A
2,SYT13
2,MCOLN1
2,LAMP1
2,S100A8
2,KAT2A
2,MXRA8
2,ARNT2
2,VPS4B
2,SLC35D1
2,DYRK4
2,ITGB1BP2
2,MEI4
2,MISP
2,ZNF579
2,PCBD1
2,KRAS
2,DPF2
2,ALDOC
2,KRT71
2,PTK2
2,PGS1
2,POLR2G
2,CDK17
2,FGFR3
2,CDK7
2,CAMK1G
2,TRIB3
2,UVRAG
2,NR3C1
2,DDX11L8
2,CLPP
2,HIBADH
2,GLIPR2
2,SERP1
2,SLC7A3
2,CNEP1R1
2,TBC1D2B
2,THSD1
2,KIAA0040
2,SHISA8
2,SNX29
2,ATG16L1
2,ZNF385A
2,C5orf34
2,ARMCX5
2,EML3
2,RFC2
2,ACOX1
2,RAB2B
2,NRAS
2,DNMT3B
2,MINA
2,GAA
2,MBLAC2
2,RAC3
2,NR2F6
2,CA2
2,DRAP1
4,AAR2
4,S
4,nsp2
4,RAP1GDS1
4,KIAA1033
4,WHSC1
4,NOL10
4,TIMM8B
4,STOML2
4,PLOD2
4,PLAT
4,HYOU1
4,TMPRSS2
4,CLEC10A
4,CD33
4,SIGLEC9
4,SIGLEC10
4,TTF1
4,LTN1
4,FOCAD
4,TMUB1
4,LSS
4,ITGA6
4,CLIP1
4,PI4K2A
4,TOM1L1
4,HOOK3
4,IGF2R
4,FKBP3
4,STX7
4,ACO1
4,ANXA5
4,SPAG9
4,MTX1
4,TMEM199
4,CALML5
4,RNF170
4,CLEC4M
4,MRC1
4,CDKAL1
4,FOXK1
4,MLEC
4,DDX58
4,CD207
4,ASGR1
4,KREMEN1
4,KREMEN2
4,LILRB2
4,DPP4
4,PROM1
4,GPC3
4,NAALAD2
4,CEACAM7
4,RTN4RL2
4,CEACAM5
4,ARL6IP5
4,CYP51A1
4,NNT
4,ARHGAP1
4,MRPS35
4,RRBP1
4,DNAJB14
4,RBBP9
4,WDR3
4,MPC2
4,HSD17B4
4,ASNS
4,NARS
4,VPS36
4,SLC12A9
4,PWP2
4,RPS8
4,VDAC2
4,RPF2
4,MTDH
4,HNRNPLL
4,PAIP1
4,FAM179B
4,SPATS2L
4,STAU2
4,TRIM26
4,RPL14
4,SRSF6
4,COIL
4,SNX12
4,PHACTR2
4,TACC1
4,SENP3
4,PSMA6
4,USO1
4,AVEN
4,RAPGEF6
4,BCKDHA
4,RRP7A
4,NOL8
4,DDX55
4,SCAF1
4,SET
4,DDX50
4,NOP14
4,EPN2
4,NUMB
4,ZFYVE9
4,RBSN
4,PDIA6
4,ROBO1
4,LIFR
4,ATP1B3
4,DNAJC10
4,TACO1
4,BANF1
4,BSDC1
4,LEMD2
4,NDUFAF3
4,AREL1
4,C2CD4C
4,IFIT1
4,JUP
4,PTK7
4,RFTN1
4,SH3D19
4,SNX6
4,SNX9
4,TNIK
4,TRAPPC12
4,ANKRD17
4,FAM193A
4,GEN1
4,GKAP1
4,HDLBP
4,IFIT3
4,IFIT5
4,SRP68
4,TDRD3
4,USP16
4,EIF4G2
4,RUVBL1
4,KIAA1244
4,ARHGAP29
4,ARHGEF10
4,HAUS2
4,HOMER1
4,KIAA1191
4,STON1
4,USP15
4,INPP5F
4,KIAA1804
4,MTMR1
4,PARP9
4,KIAA0196
4,AKTIP
4,ARFGAP1
4,ARHGEF1
4,C11orf49
4,CASP8
4,CCDC102A
4,CCDC66
4,DCTN5
4,DCTN6
4,DMTN
4,DNAJC12
4,EEF2K
4,EEFSEC
4,EFTUD1
4,GLT8D1
4,GPBP1
4,GPBP1L1
4,HEATR5B
4,ITPKA
4,KIZ
4,MAP1LC3B
4,ZAK
4,MAP9
4,NAA30
4,NAA35
4,NFATC3
4,NME7
4,NPHP4
4,POLR2M
4,PPP6R2
4,RAB11FIP5
4,RALBP1
4,RPGRIP1L
4,SEPT3
4,SESN2
4,SH3KBP1
4,SSH3
4,SWAP70
4,TACC3
4,TCHP
4,TRAPPC11
4,USP47
4,CCDC53
4,WIPI2
4,ZFAND5
4,ZNF428
4,DCTN4
4,FKBP11
4,VIPAS39
4,N4BP1
4,NAV1
4,TJP1
4,KRI1
4,TRAPPC9
4,DCTN2
4,TFG
4,TARBP1
4,NSUN5
4,UTP18
4,EPHA4
4,PLCL2
4,PTPN14
4,ROCK1
4,RRAGC
4,SUSD5
4,ANXA1
4,CUTA
4,OSBPL2
4,TBC1D10B
4,TMEM120B
4,HAVCR1
4,TLR4
4,SFTPD
4,MAP3K14
4,VDAC1
4,A2M
4,RBMXL1
4,NSA2
4,SRSF10
4,MOCS2
4,CTSK
4,CTSV
4,NCF2
4,COX4I1
4,COX5A
4,KIF7
4,TXLNA
4,MSMP
4,APOA4
4,NID1
4,CLPS
4,F10
4,CLEC4G
4,VRK3
4,CD3EAP
4,RFC1
4,MCM2
4,MCM6
4,EXOSC7
4,EXOSC6
4,MSL1
4,TRMT1L
4,ZNF512
4,RNF2
4,KAT8
4,MSL2
4,UQCRC1
4,SEPT7
4,COX6B1
4,MBL2
4,XRN2
4,CD2
4,GPR101
4,MRGPRE
4,LRRC15
4,LRRC3C
4,CLDN18
4,OTOP2
4,SMURF1
4,SMURF2
4,SRSF7
4,RAB4A
4,SDR39U1
4,ARF3
4,DDX1
4,IQGAP1
4,LCP1
4,ZC3H14
4,LDLRAD3
4,HMGB2
4,TTYH2
4,GLOD4
4,SIGLEC1
4,ITGB6
4,TPD52L3
4,ENKUR
4,CDKL3
4,EPB41L4A
4,ESR1
4,F8
4,F9
4,CFB
4,CFI
4,NGF
4,TG
4,IRF9
4,AGK
4,TFDP1
4,NMT1
4,IFITM3
4,HNRNPCL1
4,XYLB
4,CHMP5
4,INTS3
4,FARSA
4,FANCB
4,WAPAL
4,NIT2
4,LACTB2
4,WDR60
4,POLR3F
4,XAB2
4,TRMT112
4,ARAP1
4,MCMBP
4,MYH7
4,GTF2H2
4,RECQL4
4,RPL22L1
4,KLHL42
4,ATP6V1B2
4,APOE
4,IL12RB1
4,IL1RAPL2
4,MAL2
4,EREG
4,HMGA2
4,EDIL3
4,IGKC
4,RIN1
4,LRRC14
4,MRPL23
4,YBEY
4,CEACAM6
4,ACO2
4,ABHD11
4,LCN1
4,ETHE1
4,CASP14
4,DPEP1
4,SCP2
4,SEMG1
4,GNG12
4,CHCHD2
4,ANXA3
4,SOD1
4,SNRPN
4,TALDO1
4,AAMP
4,CCDC127
4,NUDT5
4,PPP1R2
4,AKAP13
4,PGAM1
4,RWDD4
4,SYTL4
4,VARS
4,ZFAND6
4,ETV1
4,ZNF274
4,IGHV3-53
4,IGHV2-5
4,IGHV3-30
4,IGHV4-39
4,FLT1
4,IGHV1-24
4,SNCA
4,SCO2
4,CHORDC1
4,TUBB8
4,RNF114
4,KRT25
4,DUSP14
4,WNT1
4,METAP1
4,CRB1
4,BLMH
4,LDHC
4,LYPLA2
4,CFH
4,CFP
4,CD46
4,CR2
4,DENND6B
4,TET2
4,RAD54L
4,PARG
4,SPINT1
4,ULBP3
4,MOXD1
4,FREM2
4,RNMT
4,ARHGAP33
4,RNF25
4,AGBL5
4,ENKD1
4,RTKN
4,MDM1
4,SHOX2
4,HINT3
4,USP53
4,LONRF2
4,KIAA0101
4,DMRT3
4,FBXO6
4,APOBEC3B
4,ZBED3
4,SLC31A1
4,HOXD8
4,TCEAL8
4,EIF3CL
4,OIP5
4,CCSAP
4,C1orf122
4,FAM120B
4,PHRF1
4,FBXO31
4,C19orf43
4,HDAC3
4,PTPRK
4,HOXC8
4,ATAT1
4,PRNP
4,NELL2
4,CXCL16
4,NARR
4,LONRF3
4,AGAP3
4,MAMLD1
4,AGTR1
4,HNP1
4,IST1
4,STAMBP
4,PROSER2
4,ALDH16A1
4,SDC1
4,SDC3
4,CRP
4,CACNA1C
4,AVP
4,AVPR1B
4,C1QA
4,C1QC
4,C1QB
4,C4BPB
4,APOD
4,THAP5
4,C4BPA
4,KIF20B
4,APCS
4,KIF4B
4,SEPP1
4,HRG
4,HABP2
4,CDA
4,CPN1
4,LGALS7
4,RRAD
4,VPS26B
4,ZNHIT2
4,HOMER3
4,CBR3
4,AMZ2
4,PF4
4,TYMP
4,TRA
4,TRB
4,TGM3
4,APOM
4,DEFA1
4,SERPINC1
4,AFP
4,POSTN
4,ITIH3
4,GSDMA
4,PKP1
4,F5
4,CDSN
4,APOC3
4,RBM20
4,RALGDS
4,SIK2
4,OGFOD1
4,EYA4
4,GALNT6
4,UBE3B
4,TLL1
4,IQGAP3
4,ARMC5
4,PIK3R4
4,ADCK3
4,PAPLN
4,AP5B1
4,AACS
4,CDC25B
4,ASB3
4,HPS5
4,TYK2
4,KIAA0226
4,ULK1
4,SLC22A4
4,PMS1
4,MFSD12
4,SLC25A32
4,CDC45
4,EFEMP1
4,CUL5
4,URGCP
4,RIOK2
4,TMEM62
4,EZH2
4,DSTYK
4,RHOBTB3
4,MAP3K6
4,PPP4R1
4,PRSS21
4,ELP2
4,LONP2
4,ALG10B
4,HELLS
4,PAM
4,GNAT3
4,KLHL11
4,WASH6P
4,ZXDB
4,LPL
4,NRDE2
4,PARP4
4,HEXIM1
4,ERCC4
4,SPATA5
4,UBR1
4,CHTF18
4,POGK
4,AP4B1
4,ASH2L
4,RNF216
4,CUL3
4,ZNF143
4,TUBA4A
4,EIF2D
4,TONSL
4,TBX3
4,TMEM14D
4,DHX34
4,TAOK3
4,FBRSL1
4,FIGNL1
4,GAPDHS
4,AMBRA1
4,DGKA
4,PRSS2
4,PRSS3P2
4,SMARCAD1
4,MTMR12
4,CMTR2
4,DENND5A
4,TBC1D17
4,PCSK5
4,TOP3A
4,DOCK10
4,LUC7L2
4,PLCE1
4,MORC2
4,IFT122
4,DROSHA
4,HNRNPCL4
4,DMXL2
4,MOCOS
4,PHKA2
4,GPAM
4,ARHGEF5
4,SUPT5H
4,DHX38
4,ARHGEF28
4,CDC42BPG
4,ECT2
4,COLGALT2
4,GTPBP2
4,COL6A2
4,ARHGEF40
4,ORC3
4,GMIP
4,LIG4
4,ERF
4,DHX40
4,SHCBP1
4,ATN1
4,GGNBP2
4,SIN3A
4,SEMA3E
4,RAP1GAP
4,SAMD9
4,SAMD4B
4,DENND3
4,RNF128
4,SORL1
4,ERBB3
4,RAF1
4,C12orf56
4,HR
4,HRH1
4,FBXO2
4,BTN3A1
4,GALNT3
4,HBG1
4,CLEC1B
4,ANPEP
4,CD55
4,ICAM1
4,NTRK3
4,CTH
4,IVD
4,MPST
4,MTAP
4,NEFM
4,PAFAH1B3
4,PGM3
4,DDX46
4,PQBP1
4,GPHN
4,SRRM1
4,NUDT21
4,LARS2
4,HTATSF1
4,ANKFY1
4,NANS
4,MRPL40
4,ZC3HAV1L
4,CKMT1A
4,CDK11A
4,C6orf211
4,KIAA1429
4,CECR5
4,C21orf33
4,ANXA4
4,CTSG
4,IGHA1
4,IGLC3
4,LCN2
4,MPO
4,PRTN3
4,S100A6
4,SPOCK2
4,HMGB1P1
4,CORO1A
4,UGT1A6
4,MRPL57
4,IGLL5
4,AGER
4,RABL2A
4,RPA4
4,FABP6
4,PAIP2
4,PAK1
4,TPPP2
4,IL18
4,PVALB
4,TTYH1
4,RALYL
4,TMPRSS11D
4,FAM136A
6,N
6,PABPC1
6,CSNK2A2
6,G3BP1
6,PABPC4
6,FAM98A
6,SNIP1
6,MOV10
6,G3BP2
6,MYCBP2
6,UBAP2L
6,ZC3H7A
6,MRPS5
6,EIF4H
6,ORF10
6,CUL2
6,THTPA
6,ZYG11B
6,RBX1
6,TCEB1
6,SUN2
6,ORF8
6,STC2
6,CISD3
6,COL6A1
6,PVR
6,LOX
6,PCSK6
6,INHBE
6,NPC2
6,OS9
6,NPTX1
6,KDELC1
6,KDELC2
6,ERO1LB
6,FOXRED2
6,CHPF
6,GGH
6,ERLEC1
6,IL17RA
6,NGLY1
6,HS6ST2
6,NEU1
6,GDF15
6,TM2D3
6,ERP44
6,EDEM3
6,POFUT1
6,PLEKHF2
6,FBXL12
6,UGGT2
6,CHPF2
6,ADAMTS1
6,FKBP7
6,CSDE1
6,ACE2
6,CD209
6,STIP1
6,MCFD2
6,ATP12A
6,GUSB
6,C5
6,SERPINE2
6,UPK1B
6,PYCRL
6,ALG6
6,SLC9A1
6,CDK5RAP3
6,PCNP
6,ANGPT4
6,PTRF
6,HFE
6,ENTPD6
6,TCTN3
6,GCNT3
6,TMEM41A
6,NBR1
6,BRI3BP
6,PDLIM1
6,PMM2
6,B2M
6,CNNM3
6,SLC6A6
6,SMS
6,TOR1B
6,LRRC47
6,PLXNA1
6,RHBDF2
6,HLA-A
6,HSPA13
6,GGT1
6,FANCD2
6,GOLM1
6,FAS
6,ZDHHC3
6,CSGALNACT1
6,GALNT10
6,GALNT1
6,SGCD
6,CNTNAP3
6,C16orf58
6,PEX13
6,B4GAT1
6,EXT1
6,GLCE
6,HTATIP2
6,TGFB2
6,SEP15
6,FGA
6,TGFB1
6,IGFBP4
6,PLAU
6,MAN2A1
6,CNTNAP3B
6,NTS
6,ST8SIA4
6,PROS1
6,EGFL7
6,LTBP1
6,CXCL5
6,ERLIN1
6,CCPG1
6,STT3B
6,MGAT2
6,ADAM10
6,CNTN1
6,LRPPRC
6,ILVBL
6,PHB2
6,CLPTM1
6,PLXNB2
6,SUCO
6,SARAF
6,ANO10
6,ZDHHC7
6,PCDHB2
6,RPL18A
6,RPL21
6,RPL26
6,RPL30
6,RPS9
6,FNDC3B
6,DGKE
6,RAB29
6,TIMM23
6,PRMT3
6,SLC38A10
6,PGAM5
6,ELAVL1
6,COPG1
6,RALY
6,TMEM194A
6,FZD2
6,SND1
6,TMEM230
6,HNRNPC
6,ACAT2
6,SMAD3
6,PNP
6,NUCB2
6,PSMB7
6,DIP2B
6,DHX37
6,RPL3
6,RPL5
6,RPL28
6,RPS11
6,SHMT1
6,TAP1
6,ALG9
6,RTCA
6,TMEM259
6,EIF4A3
6,NBPF10
6,IGF2BP1
6,IGF2BP3
6,CELF1
6,DNAJC21
6,RC3H1
6,R3HDM2
6,DHX30
6,FAM120A
6,SASH1
6,R3HDM1
6,ABCF1
6,LSM14A
6,GRSF1
6,GSK3B
6,C17orf97
6,RC3H2
6,YTHDF1
6,FAM120C
6,NBPF1
6,RPL29
6,SPATS2
6,STXBP2
6,BICC1
6,FXR1
6,ZCCHC3
6,TSPYL5
6,PRKRA
6,CEP95
6,DHX57
6,SECISBP2L
6,PTBP3
6,EIF3G
6,RPS3A
6,KLC2
6,PPP1CC
6,ARFGAP3
6,SEC62
6,LMNB2
6,MBTPS1
6,CNNM4
6,HUWE1
6,ESPL1
6,MYH11
6,DDX17
6,HNRNPA3
6,RBMX
6,HNRNPL
6,NPM1
6,POLR1E
6,LAMB1
6,LRPAP1
6,UBE2O
6,ASIC1
6,ADAM15
6,ATP6AP2
6,CTSD
6,EXT2
6,STOML1
6,FSTL3
6,TMEM5
6,SEMA3A
6,FAM3C
6,LEPREL2
6,AGR2
6,CNPY3
6,CTSC
6,PDIA5
6,ERP29
6,GALNT5
6,FKBP9
6,GALNT13
6,CLN5
6,IKBIP
6,VSTM2L
6,COL5A2
6,COL12A1
6,CD109
6,CTSL
6,CTSS
6,COCH
6,OLFML2A
6,DNASE2
6,PLBD2
6,DHFRL1
6,CLSTN1
6,MESDC2
6,POFUT2
6,CNPY4
6,GALC
6,B4GALNT1
6,GALNS
6,GBA
6,PCOLCE2
6,GFRA1
6,GLB1
6,GPC1
6,P4HA3
6,SUMF1
6,NENF
6,HEXA
6,HEXB
6,HLA-B
6,NDST1
6,IGF1R
6,IGFBP2
6,INHBB
6,ITGB4
6,L1CAM
6,LAMA3
6,LAMA5
6,LAMC1
6,LAMC2
6,LOXL2
6,IFITM10
6,LTBP3
6,MANBA
6,MATN2
6,MATN3
6,ARSD
6,MFI2
6,MGAT5
6,MUC5AC
6,NAGLU
6,NRCAM
6,NT5E
6,PAPPA
6,TXNDC12
6,CERCAM
6,SCARA3
6,ERAP1
6,GALNT7
6,CTSA
6,IMPAD1
6,P3H2
6,EDEM2
6,TMEM30A
6,TTC17
6,SULF2
6,DNAJC3
6,TWSG1
6,NTN4
6,SCPEP1
6,SPCS3
6,SEL1L
6,XYLT2
6,SFRP1
6,SGSH
6,BMP1
6,BST1
6,TAPBP
6,TFPI
6,THBS1
6,TIMP2
6,C1S
6,VLDLR
6,WNT7B
6,MANF
6,CRELD1
6,CRELD2
6,TTC13
6,GALNT14
6,HHIPL2
6,TFPI2
6,THSD4
6,PLBD1
6,PDGFD
6,ITFG1
6,TXNDC5
6,ST6GAL2
6,CNTNAP1
6,B4GALT4
6,CTSF
6,ST3GAL5
6,P4HA2
6,NXPE3
6,CHST10
6,MINPP1
6,CELSR1
6,EDEM1
6,MRPL37
6,MRPL44
6,BASP1
6,SLC9A3R2
6,C6orf47
6,NCSTN
6,NEDD4L
6,SLIRP
6,ZC3HAV1
6,DST
6,NF2
6,OBSL1
6,PAK4
6,RICTOR
6,ANP32B
6,C12orf29
6,CAMTA1
6,CPEB4
6,DDX3X
6,DENR
6,FAM193B
6,MAP4
6,NUFIP2
6,PKN2
6,TARBP2
6,ZNF346
6,EIF3D
6,EIF4B
6,SERBP1
6,MRPS11
6,RAVER1
6,ASCC3
6,ZNF787
6,CALCOCO2
6,MRPL2
6,EHHADH
6,NME6
6,C8orf59
6,RBMS2
6,UTP11L
6,WDR46
6,TIAL1
6,CNPY2
6,KPNA2
6,TFB1M
6,AMMECR1L
6,ANAPC10
6,AUH
6,DONSON
6,FSD1
6,IBA57
6,LUC7L
6,MAP7
6,MPG
6,MRPL55
6,MRPS15
6,PIN4
6,RBM3
6,REPIN1
6,RPL35
6,RRP36
6,FMN2
6,AGPAT1
6,FAM134B
6,FN1
6,GNL1
6,KCNB2
6,MCOLN3
6,MRPL28
6,PSMA2
6,SPCS1
6,TMX3
6,PSMD11
6,CAMP
6,ABR
6,SERPINB5
6,UTP6
6,FBF1
6,SRFBP1
6,ZNF100
6,RPS15
6,RPS17
6,IGHMBP2
6,RPL31
6,ZC3H7B
6,SRSF3
6,MEX3D
6,FMNL3
6,YBX3
6,YBX1
6,U2AF1L4
6,KAT7
6,DEPDC1
6,PITX2
6,KRR1
6,MCRS1
6,ZNF668
6,PRDM10
6,THAP4
6,DGKZ
6,ZNF22
6,ZNF574
6,DUSP11
6,SHPRH
6,ZNF48
6,PTOV1
6,TRIM71
6,METTL17
6,YY1AP1
6,GDF11
6,SMARCA4
6,RILPL2
6,TRIM25
6,EDC4
6,RBMXL3
6,HNRNPUL2
6,IGF2BP2
6,HNRNPDL
6,CNBP
6,MRPS7
6,PRRC2C
6,HBA1
6,HBA2
6,PTX3
6,MARCH8
6,ILF3
6,HIST1H2BJ
6,YWHAH
6,RBM14
6,YTHDF2
6,HNRNPM
6,ILF2
6,HNRNPH3
6,PCNA
6,MYO6
6,NSF
6,MRPL1
6,SAE1
6,LOC102724594
6,DYNLT1
6,HNRNPA1
6,SYNCRIP
6,SRRT
6,CFL2
6,HNRNPH2
6,U2AF2
6,MATR3
6,KHDRBS1
6,H3F3C
6,PABPN1
6,HNRNPR
6,BYSL
6,WASL
6,NFAT5
6,RBMS1
6,MRPS6
6,CRMP1
6,CAPRIN1
6,PLS1
6,STK38
6,AGO1
6,C14orf166
6,RTCB
6,SNRNP70
6,EIF5A
6,THRAP3
6,SRSF9
6,HNRNPK
6,PCBP2
6,DAZAP1
6,CMPK1
6,TARDBP
6,TWF2
6,PPIL1
6,PLOD3
6,PABPC5
6,PTBP1
6,FUS
6,SAFB2
6,NLRP3
6,HNRNPAB
6,FUBP3
6,NONO
6,RPL37
6,HNRNPD
6,EWSR1
6,RPL17
6,RPL24
6,RHPN2
6,GIPC1
6,BAIAP2L1
6,PPP1CA
6,PCBP1
6,ADAR
6,MAPK1IP1L
6,ZNF703
6,HIST2H3D
6,FEM1A
6,GRPEL2
6,ID3
6,ADO
6,ANKRD40
6,ZIC5
6,PLAGL2
6,DDIT4
6,FOXK2
6,STARD7
6,TRAF4
6,SRCAP
6,MTHFD2
6,PLK1
6,RPL41
6,HIST1H3J
6,PIAS1
6,TXN
6,SNRPE
6,SNRPD2
6,HNRNPF
6,HNRNPA0
6,GEMIN5
6,NOP10
6,ZCRB1
6,MRPL54
6,UTP23
6,ZC3H8
6,C1orf35
6,APOBEC3C
6,RPS19BP1
6,RRP8
6,MRPL22
6,CAND2
6,LSM3
6,LSM2
6,MDK
6,MSI2
6,MRPL32
6,MRPL27
6,FAM98B
6,MRPL17
6,PRPF4
6,COX6C
6,DHX36
6,SMN2
6,HELZ2
6,EIF2B4
6,SH3GL1
6,WDR81
6,IFT27
6,DUSP3
6,MRPL13
6,TRMT6
6,SRSF2
6,OASL
6,NFKB2
6,CENPI
6,TAPBPL
6,INSL4
6,MGAT4B
6,PGGT1B
6,RBL1
6,MRPL47
6,CHST3
6,SLC7A7
6,RIT2
6,PBRM1
6,LTF
6,LYZ
6,MRPS31
6,NAP1L4
6,FUBP1
6,TLN1
6,PPP1CB
6,RPS14
6,SFPQ
6,C7orf50
6,RNGTT
6,ZNF146
6,C9orf41
6,DTWD2
6,CPSF3L
6,ZNF622
6,MSI1
6,PUM1
6,PWP1
6,C8orf33
6,MRPS26
6,ORF1ab
6,PARP12
6,MRPL11
6,MRPS18A
6,MRPL43
6,RPUSD3
6,PSPC1
6,GPR89B
6,CREBBP
6,KAT2B
6,SLCO4A1
6,FARP2
6,LARP4
6,DTL
6,KIF23
6,POLR1A
6,POLR3B
6,SELT
6,ZCCHC14
6,FBXO7
6,KRT17
6,EIF1AY
6,KRT78
6,DSC1
6,SBSN
6,SPRR2G
6,CNGB1
6,ARID3A
6,LAMA2
6,PREPL
6,TMPRSS4
6,KIR3DS1
6,TNFAIP8L3
6,ACSL6
6,SPAG17
6,DNAH12
6,CAPN1
6,EPHX4
6,MCF2L2
6,NKX2-2
6,WWC2
6,ZNF316
6,TRIM62
6,TCHH
6,EVI5
6,FBN3
6,KCNQ3
6,PPP2R3B
6,WDYHV1
6,GOLGA8F
6,GIPC2
6,ADARB1
6,KLC1
6,CLTCL1
6,ELF4
6,DLX3
6,TNC
6,PURB
6,GPS1
6,LARP1B
6,HP1BP3
6,HNRNPA2B1
6,ELAVL2
6,CMSS1
6,SRSF4
6,BCLAF1
6,S100A9
6,LAMB3
6,CEMIP
6,TPM2
6,HNRNPH1
6,SF1
6,DDX5
6,CNN2
6,LASP1
6,PDPK1
6,KPNA4
6,LIN28B
6,GPR112
6,APOBEC3F
6,BTN2A3P
6,KRT40
6,KRT16
6,CAMK2D
6,BPIFA2
6,PAPL
6,KRT81
6,MAP1S
6,RNF31
6,TANGO6
6,ATXN10
6,PLCG1
6,PIR
6,UPF2
6,GMFB
6,DCP2
6,CDHR3
6,EPS8L2
6,SH3RF3
6,KRT84
6,CCS
6,EIF4A2
6,AIMP2
6,EIF4E
6,PYGB
6,TPT1
6,AKR1C3
6,RPS6KA3
6,UBE2L3
6,UBXN1
6,ARHGAP5
6,SMG8
6,KIF2C
6,UPF3B
6,FARSB
6,ABCF3
6,CDV3
6,A1CF
6,PPP1R3A
6,CFAP99
6,IGKV3-11
6,LIMS1
6,INPP1
6,PSMD5
6,ALOX15B
6,CAPG
6,IGKV3D-20
6,TRANK1
6,KIF1C
6,GC
6,CAST
6,HNMT
6,TUBB3
6,CTTN
6,SEC14L1
6,TIA1
6,PROL1
6,NME2P1
6,ADSL
6,ZNF326
6,ANXA8L1
6,HSPB11
6,SMC2
6,SMARCC1
6,OLA1
6,PNMA3
6,LSM5
6,PUF60
6,DDX56
6,API5
6,C10orf2
6,PPIL4
6,ZGPAT
6,FBXW8
6,HLTF
6,ZNF763
6,SP2
6,RARS
6,KRT6B
6,CSTA
6,PTCD1
6,TAF6L
6,DDX52
6,CCDC88C
6,POLR3C
6,PRAM1
6,NEIL3
6,NOP9
6,NET1
6,KRT74
6,NHSL1
6,DCAF10
6,IQCJ
6,CRY1
6,HDAC1
6,GTF2I
6,CNN1
6,FLG
6,LUC7L3
6,TP53INP2
6,MZB1
6,PTK6
6,PATZ1
6,ZNF862
6,ZNF484
6,NDUFB1
6,TECPR1
6,PLEKHM2
6,CCDC134
6,NECAP1
6,SETD3
6,ADRBK1
6,RBM22
6,B3GALTL
6,SLIT2
6,GPC4
6,AGA
6,UTS2
6,CYP4F3
6,RBM8A
6,LINC00083
6,NAE1
6,HSPG2
6,GLYATL1
6,HIST1H2AI
6,UCHL3
6,FGG
6,KRT73
6,IMP4
6,RRP1
6,YTHDC1
6,SUMO3
6,HOXA10
6,CIRBP
6,SRSF8
6,RPA2
6,BACH1
6,PZP
6,PPARG
6,PPARGC1A
6,IL1B
6,MASP2
6,PYCARD
6,HIST2H2BE
6,HIST1H2BL
6,HIST1H2AJ
6,BECN1
6,SERPINB3
6,PIGR
6,MRPS34
6,RPS6KA1
6,CNOT4
6,SART3
6,KIF2A
6,HNRNPCL3
6,GRB7
6,FAM111B
6,UBE2I
6,C19orf66
6,HDAC6
6,CHEK2
6,CMYA5
6,ESRP1
6,KIAA2026
6,LGALS7B
6,LRRC9
6,MBNL3
6,PABPC1L2A
6,PCBP4
6,RAB37
6,ZNF277
6,ARHGEF10L
6,CSTB
6,ESRP2
6,RBFOX1
6,RBM14-RBM4
6,RBM45
6,RBMX2
6,CBS
6,GFPT1
6,DIS3L2
6,DHX58
6,POLR1C
6,POLR2H
6,COPS2
6,CMBL
6,SEPT11
6,POLR3E
6,LSM6
6,TOE1
6,PAPD4
6,IFI16
6,MTHFSD
6,LENG9
6,MTG1
6,ISG20L2
6,THUMPD1
6,CYFIP1
6,MYO5B
6,DGCR8
6,RGS11
6,HIST1H4F
6,IGLV3-25
6,GFAP
6,TRIM41
6,CP
6,ABHD8
